Category,Event,Event description,Timepoint start,Timepoint end,Quantity outcome 1,Reference/link to data,Accessed on
List of heads of state and government who died in office,Vasil Kolarov,Prime Minister - Bulgaria - NA - Sofia,1950,1950,,https://en.wikipedia.org/wiki/List_of_heads_of_state_and_government_who_died_in_office,2023-02-04
List of heads of state and government who died in office,Enrico Mizzi,Prime Minister - Malta - NA - Valletta,1950,1950,,https://en.wikipedia.org/wiki/List_of_heads_of_state_and_government_who_died_in_office,2023-02-04
List of heads of state and government who died in office,Víctor Manuel Román y Reyes,President - Nicaragua - Heart attack - Philadelphia,1950,1950,,https://en.wikipedia.org/wiki/List_of_heads_of_state_and_government_who_died_in_office,2023-02-04
List of heads of state and government who died in office,Carlos Delgado Chalbaud,President - Venezuela - Assassination - Caracas,1950,1950,,https://en.wikipedia.org/wiki/List_of_heads_of_state_and_government_who_died_in_office,2023-02-04
List of heads of state and government who died in office,Karl Renner,President - Austria - Stroke - Vienna,1950,1950,,https://en.wikipedia.org/wiki/List_of_heads_of_state_and_government_who_died_in_office,2023-02-04
List of heads of state and government who died in office,Óscar Carmona,President - Portugal - Illness - bronchopneumonia - Lisbon,1951,1951,,https://en.wikipedia.org/wiki/List_of_heads_of_state_and_government_who_died_in_office,2023-02-04
List of heads of state and government who died in office,Rangsit Prayurasakdi,Regent - Thailand - Heart attack - Bangkok,1951,1951,,https://en.wikipedia.org/wiki/List_of_heads_of_state_and_government_who_died_in_office,2023-02-04
List of heads of state and government who died in office,Haj Ali Razmara,Prime Minister - Iran - Assassination - shooting - Tehran,1951,1951,,https://en.wikipedia.org/wiki/List_of_heads_of_state_and_government_who_died_in_office,2023-02-04
List of heads of state and government who died in office,Liaquat Ali Khan,Prime Minister - Pakistan - Assassination - shooting - Rawalpindi,1951,1951,,https://en.wikipedia.org/wiki/List_of_heads_of_state_and_government_who_died_in_office,2023-02-04
List of heads of state and government who died in office,D. S. Senanayake,Prime Minister - Ceylon - Accident - fell off horse - Colombo,1952,1952,,https://en.wikipedia.org/wiki/List_of_heads_of_state_and_government_who_died_in_office,2023-02-04
List of heads of state and government who died in office,Khorloogiin Choibalsan,Chairman of the Council of Ministers - Mongolia - Illness - kidney cancer - Moscow,1952,1952,,https://en.wikipedia.org/wiki/List_of_heads_of_state_and_government_who_died_in_office,2023-02-04
List of heads of state and government who died in office,Sveinn Björnsson,President - Iceland - Illness - Reykjavík,1952,1952,,https://en.wikipedia.org/wiki/List_of_heads_of_state_and_government_who_died_in_office,2023-02-04
List of heads of state and government who died in office,Chaim Weizmann,President - Israel - Illness - Rehovot,1952,1952,,https://en.wikipedia.org/wiki/List_of_heads_of_state_and_government_who_died_in_office,2023-02-04
List of heads of state and government who died in office,Adriaan Alberga,Prime Minister - Suriname - NA - Paramaribo,1952,1952,,https://en.wikipedia.org/wiki/List_of_heads_of_state_and_government_who_died_in_office,2023-02-04
List of heads of state and government who died in office,Pierre Dupong,Prime Minister - Luxembourg - NA - Luxembourg City,1953,1953,,https://en.wikipedia.org/wiki/List_of_heads_of_state_and_government_who_died_in_office,2023-02-04
List of heads of state and government who died in office,Joseph Stalin,Chairman of the Council of Ministers - Soviet Union - Illness - cerebral haemorrhage - Moscow,1953,1953,,https://en.wikipedia.org/wiki/List_of_heads_of_state_and_government_who_died_in_office,2023-02-04
List of heads of state and government who died in office,Klement Gottwald,President - Czechoslovakia - Heart attack - Prague,1953,1953,,https://en.wikipedia.org/wiki/List_of_heads_of_state_and_government_who_died_in_office,2023-02-04
List of heads of state and government who died in office,Gonchigiin Bumtsend,Chairman of the Presidium of the State Little Khural - Mongolia - NA - NA,1953,1953,,https://en.wikipedia.org/wiki/List_of_heads_of_state_and_government_who_died_in_office,2023-02-04
List of heads of state and government who died in office,Getúlio Vargas,President - Brazil - Suicide - Rio de Janeiro,1954,1954,,https://en.wikipedia.org/wiki/List_of_heads_of_state_and_government_who_died_in_office,2023-02-04
List of heads of state and government who died in office,José Antonio Remón Cantera,President - Panama - Assassination - shooting - Panama City,1955,1955,,https://en.wikipedia.org/wiki/List_of_heads_of_state_and_government_who_died_in_office,2023-02-04
List of heads of state and government who died in office,Hans Hedtoft,Prime Minister - Denmark - Heart attack - Stockholm,1955,1955,,https://en.wikipedia.org/wiki/List_of_heads_of_state_and_government_who_died_in_office,2023-02-04
List of heads of state and government who died in office,Alexandros Papagos,Prime Minister - Greece - Illness - lung haemorrhage - Athens,1955,1955,,https://en.wikipedia.org/wiki/List_of_heads_of_state_and_government_who_died_in_office,2023-02-04
List of heads of state and government who died in office,Anastasio Somoza García,President - Nicaragua - Assassination - shooting - Ancón,1956,1956,,https://en.wikipedia.org/wiki/List_of_heads_of_state_and_government_who_died_in_office,2023-02-04
List of heads of state and government who died in office,Bolesław Bierut,General Secretary of the United Workers' Party - Poland - NA - Moscow,1956,1956,,https://en.wikipedia.org/wiki/List_of_heads_of_state_and_government_who_died_in_office,2023-02-04
List of heads of state and government who died in office,Theodor Körner,President - Austria - Stroke - Vienna,1957,1957,,https://en.wikipedia.org/wiki/List_of_heads_of_state_and_government_who_died_in_office,2023-02-04
List of heads of state and government who died in office,Antonín Zápotocký,President - Czechoslovakia - NA - Prague,1957,1957,,https://en.wikipedia.org/wiki/List_of_heads_of_state_and_government_who_died_in_office,2023-02-04
List of heads of state and government who died in office,Carlos Castillo Armas,President - Guatemala - Assassination - shooting - Guatemala City,1957,1957,,https://en.wikipedia.org/wiki/List_of_heads_of_state_and_government_who_died_in_office,2023-02-04
List of heads of state and government who died in office,Ramón Magsaysay,President - Philippines - Accident - plane crashed into mountain - Balamban,1957,1957,,https://en.wikipedia.org/wiki/List_of_heads_of_state_and_government_who_died_in_office,2023-02-04
List of heads of state and government who died in office,Daniel Ouezzin Coulibaly,President of the Government Council - Upper Volta - NA - Paris,1958,1958,,https://en.wikipedia.org/wiki/List_of_heads_of_state_and_government_who_died_in_office,2023-02-04
List of heads of state and government who died in office,Barthélemy Boganda,Prime Minister - Central African Republic - Accident - plane exploded and crashed on ground - Boda,1958,1958,,https://en.wikipedia.org/wiki/List_of_heads_of_state_and_government_who_died_in_office,2023-02-04
List of heads of state and government who died in office,Petru Groza,President of the Presidium of the Great National Assembly - Romania - Illness - stomach complications - Bucharest,1958,1958,,https://en.wikipedia.org/wiki/List_of_heads_of_state_and_government_who_died_in_office,2023-02-04
List of heads of state and government who died in office,Markus Feldmann,Member of the Federal Council - Switzerland - NA - Bern,1958,1958,,https://en.wikipedia.org/wiki/List_of_heads_of_state_and_government_who_died_in_office,2023-02-04
List of heads of state and government who died in office,Georgi Damyanov,Chairman of the Presidium of the National Assembly - Bulgaria - NA - Sofia,1958,1958,,https://en.wikipedia.org/wiki/List_of_heads_of_state_and_government_who_died_in_office,2023-02-04
List of heads of state and government who died in office,Johannes Gerhardus Strijdom,Prime Minister - South Africa - Illness - cancer - Cape Town,1958,1958,,https://en.wikipedia.org/wiki/List_of_heads_of_state_and_government_who_died_in_office,2023-02-04
List of heads of state and government who died in office,Ernest George Jansen,Governor-General - South Africa - NA - Pretoria,1959,1959,,https://en.wikipedia.org/wiki/List_of_heads_of_state_and_government_who_died_in_office,2023-02-04
List of heads of state and government who died in office,Pierre Frieden,Prime Minister - Luxembourg - NA - Zurich,1959,1959,,https://en.wikipedia.org/wiki/List_of_heads_of_state_and_government_who_died_in_office,2023-02-04
List of heads of state and government who died in office,S. W. R. D. Bandaranaike,Prime Minister - Ceylon - Assassination - shooting - Colombo,1959,1959,,https://en.wikipedia.org/wiki/List_of_heads_of_state_and_government_who_died_in_office,2023-02-04
List of heads of state and government who died in office,H. C. Hansen,Prime Minister - Denmark - Illness - cancer - Copenhagen,1960,1960,,https://en.wikipedia.org/wiki/List_of_heads_of_state_and_government_who_died_in_office,2023-02-04
List of heads of state and government who died in office,Wilhelm Pieck,President - East Germany - Stroke - Berlin,1960,1960,,https://en.wikipedia.org/wiki/List_of_heads_of_state_and_government_who_died_in_office,2023-02-04
List of heads of state and government who died in office,Hazza' al-Majali,Prime Minister - Jordan - Assassination - bombing - Amman,1960,1960,,https://en.wikipedia.org/wiki/List_of_heads_of_state_and_government_who_died_in_office,2023-02-04
List of heads of state and government who died in office,Abebe Aregai,Prime Minister - Ethiopia - Assassination - shooting - Addis Ababa,1960,1960,,https://en.wikipedia.org/wiki/List_of_heads_of_state_and_government_who_died_in_office,2023-02-04
List of heads of state and government who died in office,Louis Rwagasore,Prime Minister - Rwanda - Assassination - shooting - Bujumbura,1961,1961,,https://en.wikipedia.org/wiki/List_of_heads_of_state_and_government_who_died_in_office,2023-02-04
List of heads of state and government who died in office,Nicola Canali,President of the Governorate & President of the Pontifical Commission - Vatican City - Illness - pneumonia - Vatican City,1961,1961,,https://en.wikipedia.org/wiki/List_of_heads_of_state_and_government_who_died_in_office,2023-02-04
List of heads of state and government who died in office,William Morrison,Governor-General - Australia - Illness - pulmonary embolism - Canberra,1961,1961,,https://en.wikipedia.org/wiki/List_of_heads_of_state_and_government_who_died_in_office,2023-02-04
List of heads of state and government who died in office,Rafael Trujillo,de facto leader - Dominican Republic - Assassination - shooting - Ciudad Trujillo,1961,1961,,https://en.wikipedia.org/wiki/List_of_heads_of_state_and_government_who_died_in_office,2023-02-04
List of heads of state and government who died in office,Abd al-Karim Qasim,Prime Minister - Iraq - Assassination - shooting - Baghdad,1963,1963,,https://en.wikipedia.org/wiki/List_of_heads_of_state_and_government_who_died_in_office,2023-02-04
List of heads of state and government who died in office,Sylvanus Olympio,President - Togo - Assassination - shooting - Lomé,1963,1963,,https://en.wikipedia.org/wiki/List_of_heads_of_state_and_government_who_died_in_office,2023-02-04
List of heads of state and government who died in office,Yitzhak Ben-Zvi,President - Israel - NA - Jerusalem,1963,1963,,https://en.wikipedia.org/wiki/List_of_heads_of_state_and_government_who_died_in_office,2023-02-04
List of heads of state and government who died in office,John F. Kennedy,President - United States - Assassination - shooting - Dallas,1963,1963,,https://en.wikipedia.org/wiki/List_of_heads_of_state_and_government_who_died_in_office,2023-02-04
List of heads of state and government who died in office,Sarit Thanarat,Prime Minister - Thailand - Illness - liver failure - Bangkok,1963,1963,,https://en.wikipedia.org/wiki/List_of_heads_of_state_and_government_who_died_in_office,2023-02-04
List of heads of state and government who died in office,Ngo Dinh Diem,President - South Vietnam - Assassination - shooting - Saigon,1963,1963,,https://en.wikipedia.org/wiki/List_of_heads_of_state_and_government_who_died_in_office,2023-02-04
List of heads of state and government who died in office,Dimitar Ganev,Chairman of the Presidium of the National Assembly - Bulgaria - NA - Sofia,1964,1964,,https://en.wikipedia.org/wiki/List_of_heads_of_state_and_government_who_died_in_office,2023-02-04
List of heads of state and government who died in office,Jigme Palden Dorji,Prime Minister - Bhutan - Assassination - shooting - Phuntsholing,1964,1964,,https://en.wikipedia.org/wiki/List_of_heads_of_state_and_government_who_died_in_office,2023-02-04
List of heads of state and government who died in office,Otto Grotewohl,Chairman of the Council of Ministers - East Germany - Illness - brain haemorrhage - Berlin,1964,1964,,https://en.wikipedia.org/wiki/List_of_heads_of_state_and_government_who_died_in_office,2023-02-04
List of heads of state and government who died in office,Milton Margai,Prime Minister - Sierra Leone - NA - Freetown,1964,1964,,https://en.wikipedia.org/wiki/List_of_heads_of_state_and_government_who_died_in_office,2023-02-04
List of heads of state and government who died in office,Jawaharlal Nehru,Prime Minister - India - Stroke - New Delhi,1964,1964,,https://en.wikipedia.org/wiki/List_of_heads_of_state_and_government_who_died_in_office,2023-02-04
List of heads of state and government who died in office,Aleksander Zawadzki,Chairman of the Council of State - Poland - Illness - cancer - Warsaw,1964,1964,,https://en.wikipedia.org/wiki/List_of_heads_of_state_and_government_who_died_in_office,2023-02-04
List of heads of state and government who died in office,Luis Giannattasio,President - Uruguay - NA - London,1965,1965,,https://en.wikipedia.org/wiki/List_of_heads_of_state_and_government_who_died_in_office,2023-02-04
List of heads of state and government who died in office,Hassan Ali Mansur,Prime Minister - Iran - Assassination - shooting - Tehran,1965,1965,,https://en.wikipedia.org/wiki/List_of_heads_of_state_and_government_who_died_in_office,2023-02-04
List of heads of state and government who died in office,Pierre Ngendandumwe,Prime Minister - Burundi - Assassination - shooting - Bujumbura,1965,1965,,https://en.wikipedia.org/wiki/List_of_heads_of_state_and_government_who_died_in_office,2023-02-04
List of heads of state and government who died in office,Gheorghe Gheorghiu-Dej,President of the State Council - Romania - Illness - lung cancer - Bucharest,1965,1965,,https://en.wikipedia.org/wiki/List_of_heads_of_state_and_government_who_died_in_office,2023-02-04
List of heads of state and government who died in office,Adolf Schärf,President - Austria - NA - Vienna,1965,1965,,https://en.wikipedia.org/wiki/List_of_heads_of_state_and_government_who_died_in_office,2023-02-04
List of heads of state and government who died in office,Abdul Salam Arif,President - Iraq - Accident - plane crashed on ground - Al Nashwa,1966,1966,,https://en.wikipedia.org/wiki/List_of_heads_of_state_and_government_who_died_in_office,2023-02-04
List of heads of state and government who died in office,Chris Soumokil,President - South Maluku - Execution by firing squad - Ubi Island,1966,1966,,https://en.wikipedia.org/wiki/List_of_heads_of_state_and_government_who_died_in_office,2023-02-04
List of heads of state and government who died in office,Abubakar Tafawa Balewa,Prime Minister - Nigeria - Assassination - shooting - Lagos,1966,1966,,https://en.wikipedia.org/wiki/List_of_heads_of_state_and_government_who_died_in_office,2023-02-04
List of heads of state and government who died in office,Lal Bahadur Shastri,"Prime Minister - India - Disputed, officially ruled to be a heart attack, but suspected to be poisoned - Tashkent",1966,1966,,https://en.wikipedia.org/wiki/List_of_heads_of_state_and_government_who_died_in_office,2023-02-04
List of heads of state and government who died in office,Hendrik Verwoerd,Prime Minister - South Africa - Assassination - stabbing - Cape Town,1966,1966,,https://en.wikipedia.org/wiki/List_of_heads_of_state_and_government_who_died_in_office,2023-02-04
List of heads of state and government who died in office,Johnson Aguiyi-Ironsi,Head of State - Nigeria - Assassination - shooting - Lagelu,1966,1966,,https://en.wikipedia.org/wiki/List_of_heads_of_state_and_government_who_died_in_office,2023-02-04
List of heads of state and government who died in office,René Schick,President - Nicaragua - Heart attack - Managua,1966,1966,,https://en.wikipedia.org/wiki/List_of_heads_of_state_and_government_who_died_in_office,2023-02-04
List of heads of state and government who died in office,Óscar Diego Gestido,President - Uruguay - Heart attack - Montevideo,1967,1967,,https://en.wikipedia.org/wiki/List_of_heads_of_state_and_government_who_died_in_office,2023-02-04
List of heads of state and government who died in office,Georges Vanier,Governor General - Canada - Illness - Ottawa,1967,1967,,https://en.wikipedia.org/wiki/List_of_heads_of_state_and_government_who_died_in_office,2023-02-04
List of heads of state and government who died in office,Léon M'ba,President - Gabon - Illness - cancer - Paris,1967,1967,,https://en.wikipedia.org/wiki/List_of_heads_of_state_and_government_who_died_in_office,2023-02-04
List of heads of state and government who died in office,Donald Burns Sangster,Prime Minister - Jamaica - Illness - subarachnoid haemorrhage - Montreal,1967,1967,,https://en.wikipedia.org/wiki/List_of_heads_of_state_and_government_who_died_in_office,2023-02-04
List of heads of state and government who died in office,Harold Holt,Prime Minister - Australia - Disappeared. Subsequently ruled as accidental drowning (body never recovered). - Cheviot Beach,1967,1967,,https://en.wikipedia.org/wiki/List_of_heads_of_state_and_government_who_died_in_office,2023-02-04
List of heads of state and government who died in office,Peter Mohr Dam,Prime Minister - Faroe Islands - NA - Tórshavn,1968,1968,,https://en.wikipedia.org/wiki/List_of_heads_of_state_and_government_who_died_in_office,2023-02-04
List of heads of state and government who died in office,Levi Eshkol,Prime Minister - Israel - Illness - Jerusalem,1969,1969,,https://en.wikipedia.org/wiki/List_of_heads_of_state_and_government_who_died_in_office,2023-02-04
List of heads of state and government who died in office,Ho Chi Minh,Chairman of the Workers' Party and President - North Vietnam - Heart attack - Hanoi,1969,1969,,https://en.wikipedia.org/wiki/List_of_heads_of_state_and_government_who_died_in_office,2023-02-04
List of heads of state and government who died in office,Abdirashid Ali Shermarke,President - Somalia - Assassination - shooting - / Las Anod,1969,1969,,https://en.wikipedia.org/wiki/List_of_heads_of_state_and_government_who_died_in_office,2023-02-04
List of heads of state and government who died in office,René Barrientos,President - Bolivia - Accident - helicopter crashed on ground - Arque,1969,1969,,https://en.wikipedia.org/wiki/List_of_heads_of_state_and_government_who_died_in_office,2023-02-04
List of heads of state and government who died in office,Zakir Husain,President - India - NA - New Delhi,1969,1969,,https://en.wikipedia.org/wiki/List_of_heads_of_state_and_government_who_died_in_office,2023-02-04
List of heads of state and government who died in office,David Rose,Governor-General - Guyana - Accident - London,1969,1969,,https://en.wikipedia.org/wiki/List_of_heads_of_state_and_government_who_died_in_office,2023-02-04
List of heads of state and government who died in office,Bjarni Benediktsson,Prime Minister - Iceland - Accident - fire - Þingvellir,1970,1970,,https://en.wikipedia.org/wiki/List_of_heads_of_state_and_government_who_died_in_office,2023-02-04
List of heads of state and government who died in office,Saïd Mohamed Cheikh,President of the Government Council - Comoros - Heart attack - Antananarivo,1970,1970,,https://en.wikipedia.org/wiki/List_of_heads_of_state_and_government_who_died_in_office,2023-02-04
List of heads of state and government who died in office,Yusof bin Ishak,President - Singapore - Heart attack - Singapore,1970,1970,,https://en.wikipedia.org/wiki/List_of_heads_of_state_and_government_who_died_in_office,2023-02-04
List of heads of state and government who died in office,Gamal Abdel Nasser,President and Prime Minister - Egypt - Heart attack - Cairo,1970,1970,,https://en.wikipedia.org/wiki/List_of_heads_of_state_and_government_who_died_in_office,2023-02-04
List of heads of state and government who died in office,Wasfi al-Tal,Prime Minister - Jordan - Assassination - shooting - Cairo,1971,1971,,https://en.wikipedia.org/wiki/List_of_heads_of_state_and_government_who_died_in_office,2023-02-04
List of heads of state and government who died in office,William Tubman,President - Liberia - NA - London,1971,1971,,https://en.wikipedia.org/wiki/List_of_heads_of_state_and_government_who_died_in_office,2023-02-04
List of heads of state and government who died in office,François Duvalier,President for life - Haiti - Heart disease and diabetes - Port-au-Prince,1971,1971,,https://en.wikipedia.org/wiki/List_of_heads_of_state_and_government_who_died_in_office,2023-02-04
List of heads of state and government who died in office,Jamsrangiin Sambuu,Chairman of the Presidium of the People's Great Khural - Mongolia - Illness - cancer - Ulaanbaatar,1972,1972,,https://en.wikipedia.org/wiki/List_of_heads_of_state_and_government_who_died_in_office,2023-02-04
List of heads of state and government who died in office,Leonard Williams,Governor-General - Mauritius - NA - Port Louis,1972,1972,,https://en.wikipedia.org/wiki/List_of_heads_of_state_and_government_who_died_in_office,2023-02-04
List of heads of state and government who died in office,Salvador Allende,President - Chile - Suicide - Santiago,1973,1973,,https://en.wikipedia.org/wiki/List_of_heads_of_state_and_government_who_died_in_office,2023-02-04
List of heads of state and government who died in office,Luis Carrero Blanco,Prime Minister - Spain - Assassination - bombing - Madrid,1973,1973,,https://en.wikipedia.org/wiki/List_of_heads_of_state_and_government_who_died_in_office,2023-02-04
List of heads of state and government who died in office,Richard Sharples,Governor - Bermuda - Assassination - shooting - Hamilton,1973,1973,,https://en.wikipedia.org/wiki/List_of_heads_of_state_and_government_who_died_in_office,2023-02-04
List of heads of state and government who died in office,Walter Ulbricht,Chairman of the State Council - East Germany - Stroke - Templin,1973,1973,,https://en.wikipedia.org/wiki/List_of_heads_of_state_and_government_who_died_in_office,2023-02-04
List of heads of state and government who died in office,Erskine Childers,President - Ireland - Heart attack - Dublin,1974,1974,,https://en.wikipedia.org/wiki/List_of_heads_of_state_and_government_who_died_in_office,2023-02-04
List of heads of state and government who died in office,Franz Jonas,President - Austria - NA - Vienna,1974,1974,,https://en.wikipedia.org/wiki/List_of_heads_of_state_and_government_who_died_in_office,2023-02-04
List of heads of state and government who died in office,Norman Eric Kirk,Prime Minister - New Zealand - Illness - pulmonary embolism - Wellington,1974,1974,,https://en.wikipedia.org/wiki/List_of_heads_of_state_and_government_who_died_in_office,2023-02-04
List of heads of state and government who died in office,Juan Perón,President - Argentina - Heart attack - Buenos Aires,1974,1974,,https://en.wikipedia.org/wiki/List_of_heads_of_state_and_government_who_died_in_office,2023-02-04
List of heads of state and government who died in office,Georges Pompidou,President (also Co-Prince of Andorra) - France - Illness - macroglobulinemia - Paris,1974,1974,,https://en.wikipedia.org/wiki/List_of_heads_of_state_and_government_who_died_in_office,2023-02-04
List of heads of state and government who died in office,Chiang Kai-shek,President - Republic of China - Heart attack - Taipei,1975,1975,,https://en.wikipedia.org/wiki/List_of_heads_of_state_and_government_who_died_in_office,2023-02-04
List of heads of state and government who died in office,Long Boret,Prime Minister - Khmer Republic - Execution by firing squad - Phnom Penh,1975,1975,,https://en.wikipedia.org/wiki/List_of_heads_of_state_and_government_who_died_in_office,2023-02-04
List of heads of state and government who died in office,Mataʻafa Faumuina Mulinuʻu II,Prime Minister - Western Samoa - NA - Apia,1975,1975,,https://en.wikipedia.org/wiki/List_of_heads_of_state_and_government_who_died_in_office,2023-02-04
List of heads of state and government who died in office,Sheikh Mujibur Rahman,Prime Minister - Bangladesh - Assassination - shooting - Dhaka,1975,1975,,https://en.wikipedia.org/wiki/List_of_heads_of_state_and_government_who_died_in_office,2023-02-04
List of heads of state and government who died in office,Richard Ratsimandrava,President - Madagascar - Assassination - shooting - Antananarivo,1975,1975,,https://en.wikipedia.org/wiki/List_of_heads_of_state_and_government_who_died_in_office,2023-02-04
List of heads of state and government who died in office,François Tombalbaye,President and Prime Minister - Chad - Assassination - shooting - N'Djamena,1975,1975,,https://en.wikipedia.org/wiki/List_of_heads_of_state_and_government_who_died_in_office,2023-02-04
List of heads of state and government who died in office,Francisco Franco,Head of State (dictator) - Spain - Illness - heart failure - Madrid,1975,1975,,https://en.wikipedia.org/wiki/List_of_heads_of_state_and_government_who_died_in_office,2023-02-04
List of heads of state and government who died in office,Abdul Razak Hussein,Prime Minister - Malaysia - Illness - London,1976,1976,,https://en.wikipedia.org/wiki/List_of_heads_of_state_and_government_who_died_in_office,2023-02-04
List of heads of state and government who died in office,Murtala Mohammed,Head of the Federal Military Government - Nigeria - Assassination - shooting - Lagos,1976,1976,,https://en.wikipedia.org/wiki/List_of_heads_of_state_and_government_who_died_in_office,2023-02-04
List of heads of state and government who died in office,Joël Rakotomalala,Prime Minister - Madagascar - Accident - helicopter crashed on ground - Antsirabe,1976,1976,,https://en.wikipedia.org/wiki/List_of_heads_of_state_and_government_who_died_in_office,2023-02-04
List of heads of state and government who died in office,El-Ouali Mustapha Sayed,President - Sahrawi Arab Democratic Republic - Died in combat - Inchiri,1976,1976,,https://en.wikipedia.org/wiki/List_of_heads_of_state_and_government_who_died_in_office,2023-02-04
List of heads of state and government who died in office,Arleigh Winston Scott,Governor-General - Barbados - NA - NA,1976,1976,,https://en.wikipedia.org/wiki/List_of_heads_of_state_and_government_who_died_in_office,2023-02-04
List of heads of state and government who died in office,Zhou Enlai,Premier - China - Illness - cancer - Beijing,1976,1976,,https://en.wikipedia.org/wiki/List_of_heads_of_state_and_government_who_died_in_office,2023-02-04
List of heads of state and government who died in office,Mao Zedong,Chairman of the Central Committee - China - Heart attack - Beijing,1976,1976,,https://en.wikipedia.org/wiki/List_of_heads_of_state_and_government_who_died_in_office,2023-02-04
List of heads of state and government who died in office,Zhu De,Chairman of the Standing Committee of the National People's Congress - China - NA - Beijing,1976,1976,,https://en.wikipedia.org/wiki/List_of_heads_of_state_and_government_who_died_in_office,2023-02-04
List of heads of state and government who died in office,Fakhruddin Ali Ahmed,President - India - Heart attack - New Delhi,1977,1977,,https://en.wikipedia.org/wiki/List_of_heads_of_state_and_government_who_died_in_office,2023-02-04
List of heads of state and government who died in office,Tafari Benti,Chairman of the Provisional Military Administrative Council - Ethiopia - Execution by firing squad - Addis Ababa,1977,1977,,https://en.wikipedia.org/wiki/List_of_heads_of_state_and_government_who_died_in_office,2023-02-04
List of heads of state and government who died in office,Ibrahim al-Hamdi,President - North Yemen - Assassination - shooting - Sana'a,1977,1977,,https://en.wikipedia.org/wiki/List_of_heads_of_state_and_government_who_died_in_office,2023-02-04
List of heads of state and government who died in office,Džemal Bijedić,President of the Federal Executive Council - Yugoslavia - Accident - plane crashed into mountain - Kreševo,1977,1977,,https://en.wikipedia.org/wiki/List_of_heads_of_state_and_government_who_died_in_office,2023-02-04
List of heads of state and government who died in office,Makarios III,President - Cyprus - Heart attack - Nicosia,1977,1977,,https://en.wikipedia.org/wiki/List_of_heads_of_state_and_government_who_died_in_office,2023-02-04
List of heads of state and government who died in office,Marien Ngouabi,President - Congo-Brazzaville - Assassination - Brazzaville,1977,1977,,https://en.wikipedia.org/wiki/List_of_heads_of_state_and_government_who_died_in_office,2023-02-04
List of heads of state and government who died in office,Mohammed Daoud Khan,President - Afghanistan - Assassination - shooting - Kabul,1978,1978,,https://en.wikipedia.org/wiki/List_of_heads_of_state_and_government_who_died_in_office,2023-02-04
List of heads of state and government who died in office,Ahmad al-Ghashmi,President - North Yemen - Assassination - bombing - Sana'a,1978,1978,,https://en.wikipedia.org/wiki/List_of_heads_of_state_and_government_who_died_in_office,2023-02-04
List of heads of state and government who died in office,Houari Boumediene,President - Algeria - Illness - macroglobulinemia - Algiers,1978,1978,,https://en.wikipedia.org/wiki/List_of_heads_of_state_and_government_who_died_in_office,2023-02-04
List of heads of state and government who died in office,Francisco Mendes,Prime Minister - Guinea Bissau - Accident - car crashed on road - NA,1978,1978,,https://en.wikipedia.org/wiki/List_of_heads_of_state_and_government_who_died_in_office,2023-02-04
List of heads of state and government who died in office,John Wrathall,President - Rhodesia - Heart attack - Harare,1978,1978,,https://en.wikipedia.org/wiki/List_of_heads_of_state_and_government_who_died_in_office,2023-02-04
List of heads of state and government who died in office,Salim Rubai Ali,President - South Yemen - Execution - Aden,1978,1978,,https://en.wikipedia.org/wiki/List_of_heads_of_state_and_government_who_died_in_office,2023-02-04
List of heads of state and government who died in office,Robert Llewellyn Bradshaw,Premier - Saint Christopher-Nevis-Anguilla - Illness - prostate cancer - Basseterre,1978,1978,,https://en.wikipedia.org/wiki/List_of_heads_of_state_and_government_who_died_in_office,2023-02-04
List of heads of state and government who died in office,Nico Diederichs,President - South Africa - Heart attack - Cape Town,1978,1978,,https://en.wikipedia.org/wiki/List_of_heads_of_state_and_government_who_died_in_office,2023-02-04
List of heads of state and government who died in office,Jomo Kenyatta,President - Kenya - Heart attack - Mombasa,1978,1978,,https://en.wikipedia.org/wiki/List_of_heads_of_state_and_government_who_died_in_office,2023-02-04
List of heads of state and government who died in office,Botha Sigcau,President - Transkei - Heart attack - Umtata,1978,1978,,https://en.wikipedia.org/wiki/List_of_heads_of_state_and_government_who_died_in_office,2023-02-04
List of heads of state and government who died in office,Milo Butler,Governor-General - Bahamas - NA - Nassau,1979,1979,,https://en.wikipedia.org/wiki/List_of_heads_of_state_and_government_who_died_in_office,2023-02-04
List of heads of state and government who died in office,Jean-Marie Villot,Cardinal Secretary of State - Holy See - Illness - bronchopneumonia - Vatican City,1979,1979,,https://en.wikipedia.org/wiki/List_of_heads_of_state_and_government_who_died_in_office,2023-02-04
List of heads of state and government who died in office,Agostinho Neto,President - Angola - Illness - cancer and hepatitis - Moscow,1979,1979,,https://en.wikipedia.org/wiki/List_of_heads_of_state_and_government_who_died_in_office,2023-02-04
List of heads of state and government who died in office,Mashiur Rahman,Chief Minister - Bangladesh - NA - Dhaka,1979,1979,,https://en.wikipedia.org/wiki/List_of_heads_of_state_and_government_who_died_in_office,2023-02-04
List of heads of state and government who died in office,Nur Muhammad Taraki,General Secretary of the People's Democratic Party of Afghanistanand Chairman of the Presidium of the Revolutionary Council - Afghanistan - Assassination - Kabul,1979,1979,,https://en.wikipedia.org/wiki/List_of_heads_of_state_and_government_who_died_in_office,2023-02-04
List of heads of state and government who died in office,Hafizullah Amin,"General Secretary of the People's Democratic Party of Afghanistan, Chairman of the Presidium of the Revolutionary Counciland Chairman of the Council of Ministers - Afghanistan - Assassination - Kabul",1979,1979,,https://en.wikipedia.org/wiki/List_of_heads_of_state_and_government_who_died_in_office,2023-02-04
List of heads of state and government who died in office,Park Chung-hee,President - South Korea - Assassination - shooting - Seoul,1979,1979,,https://en.wikipedia.org/wiki/List_of_heads_of_state_and_government_who_died_in_office,2023-02-04
List of heads of state and government who died in office,Maphevu Dlamini,Prime Minister - Swaziland - NA - Mbabane,1979,1979,,https://en.wikipedia.org/wiki/List_of_heads_of_state_and_government_who_died_in_office,2023-02-04
List of heads of state and government who died in office,Paul Southwell,Premier - Saint Christopher-Nevis-Anguilla - Heart attack - Castries,1979,1979,,https://en.wikipedia.org/wiki/List_of_heads_of_state_and_government_who_died_in_office,2023-02-04
List of heads of state and government who died in office,Seretse Khama,President - Botswana - Illness - pancreatic cancer - Gaborone,1980,1980,,https://en.wikipedia.org/wiki/List_of_heads_of_state_and_government_who_died_in_office,2023-02-04
List of heads of state and government who died in office,Tôn Đức Thắng,President - Vietnam - Illness - respiratory failure - Hanoi,1980,1980,,https://en.wikipedia.org/wiki/List_of_heads_of_state_and_government_who_died_in_office,2023-02-04
List of heads of state and government who died in office,J. A. G. S. McCartney,Chief Minister - Turks and Caicos Islands - Accident - plane crashed - Vineland,1980,1980,,https://en.wikipedia.org/wiki/List_of_heads_of_state_and_government_who_died_in_office,2023-02-04
List of heads of state and government who died in office,Masayoshi Ōhira,Prime Minister - Japan - Heart attack - Tokyo,1980,1980,,https://en.wikipedia.org/wiki/List_of_heads_of_state_and_government_who_died_in_office,2023-02-04
List of heads of state and government who died in office,William Tolbert,President - Liberia - Execution - Monrovia,1980,1980,,https://en.wikipedia.org/wiki/List_of_heads_of_state_and_government_who_died_in_office,2023-02-04
List of heads of state and government who died in office,Abdelhamid Sharaf,Prime Minister - Jordan - Heart attack - Amman,1980,1980,,https://en.wikipedia.org/wiki/List_of_heads_of_state_and_government_who_died_in_office,2023-02-04
List of heads of state and government who died in office,Francisco de Sá Carneiro,Prime Minister - Portugal - Accident - plane crashed on ground - Loures,1980,1980,,https://en.wikipedia.org/wiki/List_of_heads_of_state_and_government_who_died_in_office,2023-02-04
List of heads of state and government who died in office,Sultan Ibraimov,Chairman of the Council of Ministers - Kyrgyz SSR - Assassination - shooting - Cholpon-Ata,1980,1980,,https://en.wikipedia.org/wiki/List_of_heads_of_state_and_government_who_died_in_office,2023-02-04
List of heads of state and government who died in office,Benjamin Henry Sheares,President - Singapore - Illness - lung cancer - Singapore,1981,1981,,https://en.wikipedia.org/wiki/List_of_heads_of_state_and_government_who_died_in_office,2023-02-04
List of heads of state and government who died in office,Mehmet Shehu,Chairman of the Council of Ministers - Albania - Suicide (disputed) - Tirana,1981,1981,,https://en.wikipedia.org/wiki/List_of_heads_of_state_and_government_who_died_in_office,2023-02-04
List of heads of state and government who died in office,Jaime Roldós Aguilera,President - Ecuador - Accident - plane crashed into mountain - Celica,1981,1981,,https://en.wikipedia.org/wiki/List_of_heads_of_state_and_government_who_died_in_office,2023-02-04
List of heads of state and government who died in office,Omar Torrijos,de facto leader - Panama - Accident - plane crashed into mountain - Penonomé,1981,1981,,https://en.wikipedia.org/wiki/List_of_heads_of_state_and_government_who_died_in_office,2023-02-04
List of heads of state and government who died in office,Ziaur Rahman,President - Bangladesh - Assassination - shooting - Chittagong,1981,1981,,https://en.wikipedia.org/wiki/List_of_heads_of_state_and_government_who_died_in_office,2023-02-04
List of heads of state and government who died in office,Eric Williams,Prime Minister - Trinidad and Tobago - NA - Port of Spain,1981,1981,,https://en.wikipedia.org/wiki/List_of_heads_of_state_and_government_who_died_in_office,2023-02-04
List of heads of state and government who died in office,Anwar Sadat,President and Prime Minister - Egypt - Assassination - shooting - Cairo,1981,1981,,https://en.wikipedia.org/wiki/List_of_heads_of_state_and_government_who_died_in_office,2023-02-04
List of heads of state and government who died in office,Mohammad-Ali Rajai,President - Iran - Assassination - bombing - Tehran,1981,1981,,https://en.wikipedia.org/wiki/List_of_heads_of_state_and_government_who_died_in_office,2023-02-04
List of heads of state and government who died in office,Mohammad-Javad Bahonar,Prime Minister - Iran - Assassination - bombing - Tehran,1981,1981,,https://en.wikipedia.org/wiki/List_of_heads_of_state_and_government_who_died_in_office,2023-02-04
List of heads of state and government who died in office,Antonio Guzmán Fernández,President - Dominican Republic - Suicide - Santo Domingo,1982,1982,,https://en.wikipedia.org/wiki/List_of_heads_of_state_and_government_who_died_in_office,2023-02-04
List of heads of state and government who died in office,Bachir Gemayel,President-elect - Lebanon - Assassination - Beirut,1982,1982,,https://en.wikipedia.org/wiki/List_of_heads_of_state_and_government_who_died_in_office,2023-02-04
List of heads of state and government who died in office,Leonid Brezhnev,General Secretary of the Communist Partyand Chairman of the Presidium of the Supreme Soviet - Soviet Union - Heart attack - Zarechye,1982,1982,,https://en.wikipedia.org/wiki/List_of_heads_of_state_and_government_who_died_in_office,2023-02-04
List of heads of state and government who died in office,Willi Ritschard,Member of the Federal Council - Switzerland - Heart failure - Grenchenberg,1983,1983,,https://en.wikipedia.org/wiki/List_of_heads_of_state_and_government_who_died_in_office,2023-02-04
List of heads of state and government who died in office,Deighton Lisle Ward,Governor-General - Barbados - NA - NA,1984,1984,,https://en.wikipedia.org/wiki/List_of_heads_of_state_and_government_who_died_in_office,2023-02-04
List of heads of state and government who died in office,Yuri Andropov,General Secretary of the Communist Partyand Chairman of the Presidium of the Supreme Soviet - Soviet Union - Illness - kidney failure - Moscow,1984,1984,,https://en.wikipedia.org/wiki/List_of_heads_of_state_and_government_who_died_in_office,2023-02-04
List of heads of state and government who died in office,Edward Sokoine,Prime Minister - Tanzania - Accident - car crashed on road - Morogoro,1984,1984,,https://en.wikipedia.org/wiki/List_of_heads_of_state_and_government_who_died_in_office,2023-02-04
List of heads of state and government who died in office,Chan Sy,Chairman of the Council of Ministers - People's Republic of Kampuchea - Heart attack - Moscow,1984,1984,,https://en.wikipedia.org/wiki/List_of_heads_of_state_and_government_who_died_in_office,2023-02-04
List of heads of state and government who died in office,Ahmad Fuad Mohieddin,Prime Minister - Egypt - NA - Cairo,1984,1984,,https://en.wikipedia.org/wiki/List_of_heads_of_state_and_government_who_died_in_office,2023-02-04
List of heads of state and government who died in office,Indira Gandhi,Prime Minister - India - Assassination - shooting - New Delhi,1984,1984,,https://en.wikipedia.org/wiki/List_of_heads_of_state_and_government_who_died_in_office,2023-02-04
List of heads of state and government who died in office,Ahmed Sékou Touré,President - Guinea - Heart attack - Cleveland,1984,1984,,https://en.wikipedia.org/wiki/List_of_heads_of_state_and_government_who_died_in_office,2023-02-04
List of heads of state and government who died in office,Tom Adams,Prime Minister - Barbados - Heart attack - Saint Michael,1985,1985,,https://en.wikipedia.org/wiki/List_of_heads_of_state_and_government_who_died_in_office,2023-02-04
List of heads of state and government who died in office,Enver Hoxha,First Secretary of the Party of Labour - Albania - Illness - Tirana,1985,1985,,https://en.wikipedia.org/wiki/List_of_heads_of_state_and_government_who_died_in_office,2023-02-04
List of heads of state and government who died in office,Forbes Burnham,President - Guyana - Illness - throat infection - Georgetown,1985,1985,,https://en.wikipedia.org/wiki/List_of_heads_of_state_and_government_who_died_in_office,2023-02-04
List of heads of state and government who died in office,Haruo Remeliik,President - Palau - Assassination - shooting - Koror,1985,1985,,https://en.wikipedia.org/wiki/List_of_heads_of_state_and_government_who_died_in_office,2023-02-04
List of heads of state and government who died in office,Konstantin Chernenko,"General Secretary of the Communist Partyand Chairman of the Presidium of the Supreme Soviet - Soviet Union - Illness - heart failure, emphysema, and liver cirrhosis - Moscow",1985,1985,,https://en.wikipedia.org/wiki/List_of_heads_of_state_and_government_who_died_in_office,2023-02-04
List of heads of state and government who died in office,Tancredo Neves,President-elect - Brazil - Illness - diverticulitis - São Paulo,1985,1985,,https://en.wikipedia.org/wiki/List_of_heads_of_state_and_government_who_died_in_office,2023-02-04
List of heads of state and government who died in office,Sir Seewoosagur Ramgoolam,Governor-General - Mauritius - NA - Port Louis,1985,1985,,https://en.wikipedia.org/wiki/List_of_heads_of_state_and_government_who_died_in_office,2023-02-04
List of heads of state and government who died in office,Olof Palme,Prime Minister - Sweden - Assassination - shooting - Stockholm,1986,1986,,https://en.wikipedia.org/wiki/List_of_heads_of_state_and_government_who_died_in_office,2023-02-04
List of heads of state and government who died in office,Lê Duẩn,General Secretary of the Communist Party - Vietnam - Illness - Hanoi,1986,1986,,https://en.wikipedia.org/wiki/List_of_heads_of_state_and_government_who_died_in_office,2023-02-04
List of heads of state and government who died in office,Samora Machel,President - Mozambique - Accident - plane crashed on ground - Mbuzini,1986,1986,,https://en.wikipedia.org/wiki/List_of_heads_of_state_and_government_who_died_in_office,2023-02-04
List of heads of state and government who died in office,Sir Edward Youde,Governor - British Hong Kong - Heart attack - Beijing,1986,1986,,https://en.wikipedia.org/wiki/List_of_heads_of_state_and_government_who_died_in_office,2023-02-04
List of heads of state and government who died in office,Errol Barrow,Prime Minister - Barbados - NA - Bridgetown,1987,1987,,https://en.wikipedia.org/wiki/List_of_heads_of_state_and_government_who_died_in_office,2023-02-04
List of heads of state and government who died in office,Rashid Karami,Prime Minister - Lebanon - Assassination - bombing - Beirut,1987,1987,,https://en.wikipedia.org/wiki/List_of_heads_of_state_and_government_who_died_in_office,2023-02-04
List of heads of state and government who died in office,Seyni Kountché,President of the Supreme Military Council - Niger - Illness - brain tumour - Paris,1987,1987,,https://en.wikipedia.org/wiki/List_of_heads_of_state_and_government_who_died_in_office,2023-02-04
List of heads of state and government who died in office,Cedric Phatudi,Chief Minister - KaNgwane - NA - Lebowakgomo,1987,1987,,https://en.wikipedia.org/wiki/List_of_heads_of_state_and_government_who_died_in_office,2023-02-04
List of heads of state and government who died in office,Thomas Sankara,President - Burkina Faso - Assassination - shooting - Ouagadougou,1987,1987,,https://en.wikipedia.org/wiki/List_of_heads_of_state_and_government_who_died_in_office,2023-02-04
List of heads of state and government who died in office,Chiang Ching-kuo,President - Republic of China - NA - Taipei,1988,1988,,https://en.wikipedia.org/wiki/List_of_heads_of_state_and_government_who_died_in_office,2023-02-04
List of heads of state and government who died in office,Patrick Mphephu,President - Venda - NA - Thohoyandou,1988,1988,,https://en.wikipedia.org/wiki/List_of_heads_of_state_and_government_who_died_in_office,2023-02-04
List of heads of state and government who died in office,Muhammad Zia-ul-Haq,President - Pakistan - Accident - plane crashed on ground - Bahawalpur,1988,1988,,https://en.wikipedia.org/wiki/List_of_heads_of_state_and_government_who_died_in_office,2023-02-04
List of heads of state and government who died in office,Lazarus Salii,President - Palau - Suicide - Koror,1988,1988,,https://en.wikipedia.org/wiki/List_of_heads_of_state_and_government_who_died_in_office,2023-02-04
List of heads of state and government who died in office,Phạm Hùng,Prime Minister - Vietnam - NA - Ho Chi Minh City,1988,1988,,https://en.wikipedia.org/wiki/List_of_heads_of_state_and_government_who_died_in_office,2023-02-04
List of heads of state and government who died in office,Herbert Blaize,Prime Minister - Grenada - Illness - prostate cancer - St George's,1989,1989,,https://en.wikipedia.org/wiki/List_of_heads_of_state_and_government_who_died_in_office,2023-02-04
List of heads of state and government who died in office,Ruhollah Khomeini,Supreme Leader - Iran - Heart attack - Tehran,1989,1989,,https://en.wikipedia.org/wiki/List_of_heads_of_state_and_government_who_died_in_office,2023-02-04
List of heads of state and government who died in office,Ahmed Abdallah,President - Comoros - Assassination - shooting - Moroni,1989,1989,,https://en.wikipedia.org/wiki/List_of_heads_of_state_and_government_who_died_in_office,2023-02-04
List of heads of state and government who died in office,René Moawad,President - Lebanon - Assassination - bombing - Beirut,1989,1989,,https://en.wikipedia.org/wiki/List_of_heads_of_state_and_government_who_died_in_office,2023-02-04
List of heads of state and government who died in office,Ignatius Kilage,Governor-General - Papua New Guinea - NA - Port Moresby,1989,1989,,https://en.wikipedia.org/wiki/List_of_heads_of_state_and_government_who_died_in_office,2023-02-04
List of heads of state and government who died in office,Samuel Doe,President - Liberia - Execution - Monrovia,1990,1990,,https://en.wikipedia.org/wiki/List_of_heads_of_state_and_government_who_died_in_office,2023-02-04
List of heads of state and government who died in office,Rashid bin Saeed Al Maktoum,Prime Minister - United Arab Emirates - NA - Dubai,1990,1990,,https://en.wikipedia.org/wiki/List_of_heads_of_state_and_government_who_died_in_office,2023-02-04
List of heads of state and government who died in office,Nasirdin Isanov,Prime Minister - Tajikistan - Accident - car crashed on road - Jalal-Abad-Osh Motorway,1991,1991,,https://en.wikipedia.org/wiki/List_of_heads_of_state_and_government_who_died_in_office,2023-02-04
List of heads of state and government who died in office,Artur Mkrtchyan,Chairman of Parliament - Artsakh - Assassination - shooting - / Stepanakert,1992,1992,,https://en.wikipedia.org/wiki/List_of_heads_of_state_and_government_who_died_in_office,2023-02-04
List of heads of state and government who died in office,Mohamed Boudiaf,Chairman of the High Council of State - Algeria - Assassination - shooting - Annaba,1992,1992,,https://en.wikipedia.org/wiki/List_of_heads_of_state_and_government_who_died_in_office,2023-02-04
List of heads of state and government who died in office,Kaysone Phomvihane,President - Laos - NA - Vientiane,1992,1992,,https://en.wikipedia.org/wiki/List_of_heads_of_state_and_government_who_died_in_office,2023-02-04
List of heads of state and government who died in office,Robert Rex,Premier - Niue - NA - Halamahaga,1992,1992,,https://en.wikipedia.org/wiki/List_of_heads_of_state_and_government_who_died_in_office,2023-02-04
List of heads of state and government who died in office,József Antall,Prime Minister - Hungary - Illness - cancer - Budapest,1993,1993,,https://en.wikipedia.org/wiki/List_of_heads_of_state_and_government_who_died_in_office,2023-02-04
List of heads of state and government who died in office,Ranasinghe Premadasa,President - Sri Lanka - Assassination - bombing - Colombo,1993,1993,,https://en.wikipedia.org/wiki/List_of_heads_of_state_and_government_who_died_in_office,2023-02-04
List of heads of state and government who died in office,Penaia Ganilau,"President - Fiji - NA - Washington, D.C.",1993,1993,,https://en.wikipedia.org/wiki/List_of_heads_of_state_and_government_who_died_in_office,2023-02-04
List of heads of state and government who died in office,Félix Houphouët-Boigny,President - Côte d'Ivoire - Illness - prostate cancer - Yamoussoukro,1993,1993,,https://en.wikipedia.org/wiki/List_of_heads_of_state_and_government_who_died_in_office,2023-02-04
List of heads of state and government who died in office,Melchior Ndadaye,President - Burundi - Assassination - shooting - Bujumbura,1993,1993,,https://en.wikipedia.org/wiki/List_of_heads_of_state_and_government_who_died_in_office,2023-02-04
List of heads of state and government who died in office,Turgut Özal,President - Turkey - Heart attack (Suspected poisoning) - Ankara,1993,1993,,https://en.wikipedia.org/wiki/List_of_heads_of_state_and_government_who_died_in_office,2023-02-04
List of heads of state and government who died in office,Zhiuli Shartava,Prime Minister - Abkhazia - Assassination - shooting - / Sukhumi,1993,1993,,https://en.wikipedia.org/wiki/List_of_heads_of_state_and_government_who_died_in_office,2023-02-04
List of heads of state and government who died in office,Juvénal Habyarimana,President - Rwanda - Assassination - plane shot down - Kigali,1994,1994,,https://en.wikipedia.org/wiki/List_of_heads_of_state_and_government_who_died_in_office,2023-02-04
List of heads of state and government who died in office,Cyprien Ntaryamira,President - Burundi - NA - NA,1994,1994,,https://en.wikipedia.org/wiki/List_of_heads_of_state_and_government_who_died_in_office,2023-02-04
List of heads of state and government who died in office,Agathe Uwilingiyimana,Prime Minister - Rwanda - Assassination - shooting - Kigali,1994,1994,,https://en.wikipedia.org/wiki/List_of_heads_of_state_and_government_who_died_in_office,2023-02-04
List of heads of state and government who died in office,Kim Il-sung,General Secretary of the Workers' Partyand President - North Korea - Heart attack - Hyangsan,1994,1994,,https://en.wikipedia.org/wiki/List_of_heads_of_state_and_government_who_died_in_office,2023-02-04
List of heads of state and government who died in office,Yitzhak Rabin,Prime Minister - Israel - Assassination - shooting - Tel Aviv,1995,1995,,https://en.wikipedia.org/wiki/List_of_heads_of_state_and_government_who_died_in_office,2023-02-04
List of heads of state and government who died in office,Nita Barrow,Governor-General - Barbados - NA - Bridgetown,1995,1995,,https://en.wikipedia.org/wiki/List_of_heads_of_state_and_government_who_died_in_office,2023-02-04
List of heads of state and government who died in office,Hamilton Lavity Stoutt,Chief Minister - British Virgin Islands - NA - Tortola,1995,1995,,https://en.wikipedia.org/wiki/List_of_heads_of_state_and_government_who_died_in_office,2023-02-04
List of heads of state and government who died in office,Amata Kabua,President - Marshall Islands - Illness - Honolulu,1996,1996,,https://en.wikipedia.org/wiki/List_of_heads_of_state_and_government_who_died_in_office,2023-02-04
List of heads of state and government who died in office,Dzhokhar Dudayev,President - Chechen Republic of Ichkeria - Assassination - shooting - Chechnya,1996,1996,,https://en.wikipedia.org/wiki/List_of_heads_of_state_and_government_who_died_in_office,2023-02-04
List of heads of state and government who died in office,Cheddi Jagan,"President - Guyana - Heart attack - Washington, D.C.",1997,1997,,https://en.wikipedia.org/wiki/List_of_heads_of_state_and_government_who_died_in_office,2023-02-04
List of heads of state and government who died in office,Abdul Rahim Ghafoorzai,Prime Minister - Afghanistan - Accident - plane crashed on ground - Bamyan,1997,1997,,https://en.wikipedia.org/wiki/List_of_heads_of_state_and_government_who_died_in_office,2023-02-04
List of heads of state and government who died in office,Sani Abacha,Chairman of the Provisional Ruling Council - Nigeria - Heart attack - Abuja,1998,1998,,https://en.wikipedia.org/wiki/List_of_heads_of_state_and_government_who_died_in_office,2023-02-04
List of heads of state and government who died in office,Mohamed Taki Abdoulkarim,President - Comoros - NA - Moroni,1998,1998,,https://en.wikipedia.org/wiki/List_of_heads_of_state_and_government_who_died_in_office,2023-02-04
List of heads of state and government who died in office,Ibrahim Baré Maïnassara,President - Niger - Assassination - shooting - Niamey,1999,1999,,https://en.wikipedia.org/wiki/List_of_heads_of_state_and_government_who_died_in_office,2023-02-04
List of heads of state and government who died in office,Jumabek Ibraimov,Prime Minister - Kyrgyzstan - Illness - stomach cancer - Bishkek,1999,1999,,https://en.wikipedia.org/wiki/List_of_heads_of_state_and_government_who_died_in_office,2023-02-04
List of heads of state and government who died in office,Franjo Tuđman,President - Croatia - Illness - cancer - Zagreb,1999,1999,,https://en.wikipedia.org/wiki/List_of_heads_of_state_and_government_who_died_in_office,2023-02-04
List of heads of state and government who died in office,Vazgen Sargsyan,Prime Minister - Armenia - Assassination - shooting - Yerevan,1999,1999,,https://en.wikipedia.org/wiki/List_of_heads_of_state_and_government_who_died_in_office,2023-02-04
List of heads of state and government who died in office,Hafez al-Assad,President - Syria - Illness - Damascus,2000,2000,,https://en.wikipedia.org/wiki/List_of_heads_of_state_and_government_who_died_in_office,2023-02-04
List of heads of state and government who died in office,Rosie Douglas,Prime Minister - Dominica - officially ruled a heart attack; assassination suggested by some - Portsmouth,2000,2000,,https://en.wikipedia.org/wiki/List_of_heads_of_state_and_government_who_died_in_office,2023-02-04
List of heads of state and government who died in office,Ionatana Ionatana,Prime Minister - Tuvalu - Illness - Funafuti,2000,2000,,https://en.wikipedia.org/wiki/List_of_heads_of_state_and_government_who_died_in_office,2023-02-04
List of heads of state and government who died in office,Donald Dewar,First Minister - Scotland - Cerebral hemorrhage - Edinburgh,2000,2000,,https://en.wikipedia.org/wiki/List_of_heads_of_state_and_government_who_died_in_office,2023-02-04
List of heads of state and government who died in office,Laurent-Désiré Kabila,President - Democratic Republic of the Congo - Assassination - shooting - Kinshasa,2001,2001,,https://en.wikipedia.org/wiki/List_of_heads_of_state_and_government_who_died_in_office,2023-02-04
List of heads of state and government who died in office,Sir Charles Antrobus,Governor-General - Saint Vincent and the Grenadines - Parkinson's disease - Toronto,2002,2002,,https://en.wikipedia.org/wiki/List_of_heads_of_state_and_government_who_died_in_office,2023-02-04
List of heads of state and government who died in office,Muhammad Haji Ibrahim Egal,President - Somaliland - Died during surgery - Pretoria,2002,2002,,https://en.wikipedia.org/wiki/List_of_heads_of_state_and_government_who_died_in_office,2023-02-04
List of heads of state and government who died in office,Bernard Dowiyogo,"President - Nauru - Illness - complications from diabetes - Washington, D.C.",2003,2003,,https://en.wikipedia.org/wiki/List_of_heads_of_state_and_government_who_died_in_office,2023-02-04
List of heads of state and government who died in office,Zoran Đinđić,Prime Minister - Serbia - Assassination - shooting - Belgrade,2003,2003,,https://en.wikipedia.org/wiki/List_of_heads_of_state_and_government_who_died_in_office,2023-02-04
List of heads of state and government who died in office,Yasser Arafat,President - Palestine - Disputed - Paris,2004,2004,,https://en.wikipedia.org/wiki/List_of_heads_of_state_and_government_who_died_in_office,2023-02-04
List of heads of state and government who died in office,Pierre Charles,Prime Minister - Dominica - Heart attack - Roseau,2004,2004,,https://en.wikipedia.org/wiki/List_of_heads_of_state_and_government_who_died_in_office,2023-02-04
List of heads of state and government who died in office,Ezzedine Salim,President of the Governing Council - Iraq - Assassination - bombing - Baghdad,2004,2004,,https://en.wikipedia.org/wiki/List_of_heads_of_state_and_government_who_died_in_office,2023-02-04
List of heads of state and government who died in office,Thomas Klestil,President - Austria - Heart attack - Vienna,2004,2004,,https://en.wikipedia.org/wiki/List_of_heads_of_state_and_government_who_died_in_office,2023-02-04
List of heads of state and government who died in office,Boris Trajkovski,President - Macedonia - Accident - plane crashed into mountain - Berkovići,2004,2004,,https://en.wikipedia.org/wiki/List_of_heads_of_state_and_government_who_died_in_office,2023-02-04
List of heads of state and government who died in office,Gnassingbé Eyadéma,President - Togo - Heart attack - Tunis,2005,2005,,https://en.wikipedia.org/wiki/List_of_heads_of_state_and_government_who_died_in_office,2023-02-04
List of heads of state and government who died in office,Zurab Zhvania,Prime Minister - Georgia - Accident - poisoning - Tbilisi,2005,2005,,https://en.wikipedia.org/wiki/List_of_heads_of_state_and_government_who_died_in_office,2023-02-04
List of heads of state and government who died in office,Maktoum bin Rashid Al Maktoum,Prime Minister - United Arab Emirates - Heart attack - Gold Coast,2006,2006,,https://en.wikipedia.org/wiki/List_of_heads_of_state_and_government_who_died_in_office,2023-02-04
List of heads of state and government who died in office,Ibrahim Rugova,President - Kosovo - Illness - lung cancer - Pristina,2006,2006,,https://en.wikipedia.org/wiki/List_of_heads_of_state_and_government_who_died_in_office,2023-02-04
List of heads of state and government who died in office,Saparmurat Niyazov,President - Turkmenistan - Heart attack - Ashgabat,2006,2006,,https://en.wikipedia.org/wiki/List_of_heads_of_state_and_government_who_died_in_office,2023-02-04
List of heads of state and government who died in office,Pascal Yoadimnadji,Prime Minister - Chad - Heart attack - Paris,2007,2007,,https://en.wikipedia.org/wiki/List_of_heads_of_state_and_government_who_died_in_office,2023-02-04
List of heads of state and government who died in office,Andranik Markaryan,Prime Minister - Armenia - Heart attack - Yerevan,2007,2007,,https://en.wikipedia.org/wiki/List_of_heads_of_state_and_government_who_died_in_office,2023-02-04
List of heads of state and government who died in office,Sir John Compton,Prime Minister - Saint Lucia - Stroke - Castries,2007,2007,,https://en.wikipedia.org/wiki/List_of_heads_of_state_and_government_who_died_in_office,2023-02-04
List of heads of state and government who died in office,Soe Win,Prime Minister - Burma - Illness - leukaemia - Beijing,2007,2007,,https://en.wikipedia.org/wiki/List_of_heads_of_state_and_government_who_died_in_office,2023-02-04
List of heads of state and government who died in office,Levy Mwanawasa,President - Zambia - Stroke - Paris,2008,2008,,https://en.wikipedia.org/wiki/List_of_heads_of_state_and_government_who_died_in_office,2023-02-04
List of heads of state and government who died in office,Lansana Conté,President - Guinea - Illness - Conakry,2008,2008,,https://en.wikipedia.org/wiki/List_of_heads_of_state_and_government_who_died_in_office,2023-02-04
List of heads of state and government who died in office,Omar Bongo,President - Gabon - Heart attack - Barcelona,2009,2009,,https://en.wikipedia.org/wiki/List_of_heads_of_state_and_government_who_died_in_office,2023-02-04
List of heads of state and government who died in office,João Bernardo Vieira,President - Guinea-Bissau - Assassination - shooting - Cairo,2009,2009,,https://en.wikipedia.org/wiki/List_of_heads_of_state_and_government_who_died_in_office,2023-02-04
List of heads of state and government who died in office,Lech Kaczyński,President - Poland - Accident - plane crashed on ground - Smolensk,2010,2010,,https://en.wikipedia.org/wiki/List_of_heads_of_state_and_government_who_died_in_office,2023-02-04
List of heads of state and government who died in office,Umaru Musa Yar'Adua,President - Nigeria - Illness - pericarditis - Milan,2010,2010,,https://en.wikipedia.org/wiki/List_of_heads_of_state_and_government_who_died_in_office,2023-02-04
List of heads of state and government who died in office,David Thompson,Prime Minister - Barbados - Illness - pancreatic cancer - Saint Philip,2010,2010,,https://en.wikipedia.org/wiki/List_of_heads_of_state_and_government_who_died_in_office,2023-02-04
List of heads of state and government who died in office,Sergey Bagapsh,President - Abkhazia - Illness - complications from surgery - Moscow,2011,2011,,https://en.wikipedia.org/wiki/List_of_heads_of_state_and_government_who_died_in_office,2023-02-04
List of heads of state and government who died in office,Muammar Gaddafi,Brotherly Leader and Guide of the Revolution - Libya - Assassination - shooting - Sirte,2011,2011,,https://en.wikipedia.org/wiki/List_of_heads_of_state_and_government_who_died_in_office,2023-02-04
List of heads of state and government who died in office,Kim Jong-il,General Secretary of the Workers' Party - North Korea - Heart attack - Pyongyang,2011,2011,,https://en.wikipedia.org/wiki/List_of_heads_of_state_and_government_who_died_in_office,2023-02-04
List of heads of state and government who died in office,Malam Bacai Sanhá,President - Guinea-Bissau - Illness - Paris,2012,2012,,https://en.wikipedia.org/wiki/List_of_heads_of_state_and_government_who_died_in_office,2023-02-04
List of heads of state and government who died in office,Bingu wa Mutharika,President - Malawi - Heart attack - Lilongwe,2012,2012,,https://en.wikipedia.org/wiki/List_of_heads_of_state_and_government_who_died_in_office,2023-02-04
List of heads of state and government who died in office,John Atta Mills,President - Ghana - Stroke - Accra,2012,2012,,https://en.wikipedia.org/wiki/List_of_heads_of_state_and_government_who_died_in_office,2023-02-04
List of heads of state and government who died in office,Meles Zenawi,Prime Minister - Ethiopia - Illness - Brussels,2012,2012,,https://en.wikipedia.org/wiki/List_of_heads_of_state_and_government_who_died_in_office,2023-02-04
List of heads of state and government who died in office,Hugo Chávez,President - Venezuela - Illness - unspecified form of cancer - Caracas,2013,2013,,https://en.wikipedia.org/wiki/List_of_heads_of_state_and_government_who_died_in_office,2023-02-04
List of heads of state and government who died in office,Zillur Rahman,President - Bangladesh - Illness - lung problems - Singapore,2013,2013,,https://en.wikipedia.org/wiki/List_of_heads_of_state_and_government_who_died_in_office,2023-02-04
List of heads of state and government who died in office,Michael Sata,President - Zambia - Illness - London,2014,2014,,https://en.wikipedia.org/wiki/List_of_heads_of_state_and_government_who_died_in_office,2023-02-04
List of heads of state and government who died in office,Mohamed Abdelaziz,President - Western Sahara - Lung cancer - Tindouf,2016,2016,,https://en.wikipedia.org/wiki/List_of_heads_of_state_and_government_who_died_in_office,2023-02-04
List of heads of state and government who died in office,Islam Karimov,President - Uzbekistan - Stroke - Omsk,2016,2016,,https://en.wikipedia.org/wiki/List_of_heads_of_state_and_government_who_died_in_office,2023-02-04
List of heads of state and government who died in office,Sir Michael Ogio,Governor-General - Papua New Guinea - Illness - Port Moresby,2017,2017,,https://en.wikipedia.org/wiki/List_of_heads_of_state_and_government_who_died_in_office,2023-02-04
List of heads of state and government who died in office,Baldwin Lonsdale,President - Vanuatu - Heart attack - Port Vila,2017,2017,,https://en.wikipedia.org/wiki/List_of_heads_of_state_and_government_who_died_in_office,2023-02-04
List of heads of state and government who died in office,Alexander Zakharchenko,Head of the Republic and Prime Minister - Donetsk People's Republic - Assassination - bombing - / Donetsk,2018,2018,,https://en.wikipedia.org/wiki/List_of_heads_of_state_and_government_who_died_in_office,2023-02-04
List of heads of state and government who died in office,Gennadi Gagulia,Prime Minister - Abkhazia - Accident - car crashed on road - / Myussera,2018,2018,,https://en.wikipedia.org/wiki/List_of_heads_of_state_and_government_who_died_in_office,2023-02-04
List of heads of state and government who died in office,Trần Đại Quang,President - Vietnam - Illness - viral infection - Kunming,2018,2018,,https://en.wikipedia.org/wiki/List_of_heads_of_state_and_government_who_died_in_office,2023-02-04
List of heads of state and government who died in office,Beji Caid Essebsi,President - Tunisia - Illness - Tunis,2019,2019,,https://en.wikipedia.org/wiki/List_of_heads_of_state_and_government_who_died_in_office,2023-02-04
List of heads of state and government who died in office,ʻAkilisi Pōhiva,Prime Minister - Tonga - Illness - pneumonia - Auckland,2019,2019,,https://en.wikipedia.org/wiki/List_of_heads_of_state_and_government_who_died_in_office,2023-02-04
List of heads of state and government who died in office,Pierre Nkurunziza,President - Burundi - Illness - cardiac arrest & suspected COVID-19 - Karuzi,2020,2020,,https://en.wikipedia.org/wiki/List_of_heads_of_state_and_government_who_died_in_office,2023-02-04
List of heads of state and government who died in office,Amadou Gon Coulibaly,Prime Minister - Ivory Coast - Illness - Abidjan,2020,2020,,https://en.wikipedia.org/wiki/List_of_heads_of_state_and_government_who_died_in_office,2023-02-04
List of heads of state and government who died in office,Khalifa bin Salman Al Khalifa,Prime Minister - Bahrain - Illness - Rochester,2020,2020,,https://en.wikipedia.org/wiki/List_of_heads_of_state_and_government_who_died_in_office,2023-02-04
List of heads of state and government who died in office,Ambrose Mandvulo Dlamini,Prime Minister - Eswatini - Illness - COVID-19 - Johannesburg,2020,2020,,https://en.wikipedia.org/wiki/List_of_heads_of_state_and_government_who_died_in_office,2023-02-04
List of heads of state and government who died in office,Hamed Bakayoko,"Prime Minister - Ivory Coast - Illness - malaria, cancer & suspected COVID-19 - Freiburg im Breisgau",2021,2021,,https://en.wikipedia.org/wiki/List_of_heads_of_state_and_government_who_died_in_office,2023-02-04
List of heads of state and government who died in office,John Magufuli,President - Tanzania - Illness - heart condition & suspected COVID-19 - Dar es Salaam,2021,2021,,https://en.wikipedia.org/wiki/List_of_heads_of_state_and_government_who_died_in_office,2023-02-04
List of heads of state and government who died in office,Idriss Déby,President - Chad - Killed in battle - Tibesti,2021,2021,,https://en.wikipedia.org/wiki/List_of_heads_of_state_and_government_who_died_in_office,2023-02-04
List of heads of state and government who died in office,Jovenel Moïse,President - Haiti - Assassination - shooting - Port-au-Prince,2021,2021,,https://en.wikipedia.org/wiki/List_of_heads_of_state_and_government_who_died_in_office,2023-02-04
List of heads of state and government who died in office,Khalifa bin Zayed Al Nahyan,President - United Arab Emirates - Natural causes - Abu Dhabi,2022,2022,,https://en.wikipedia.org/wiki/List_of_heads_of_state_and_government_who_died_in_office,2023-02-04
