Category ID,Category,Event,Event description,country,ccode,type
G3,Inter-state wars,Anglo-Persian,"Inter-state war: United Kingdom, Iran",Iran (Islamic Republic of),IRN,Both
G3,Inter-state wars,Anglo-Persian,"Inter-state war: United Kingdom, Iran",United Kingdom of Great Britain and Northern Ireland (the),GBR,Polity
G3,Inter-state wars,Arab-Israeli,"Inter-state war: Israel, Egypt, Syria, Lebanon, Jordan, Iraq",Egypt,EGY,Polity
G3,Inter-state wars,Arab-Israeli,"Inter-state war: Israel, Egypt, Syria, Lebanon, Jordan, Iraq",Iraq,IRQ,Polity
G3,Inter-state wars,Arab-Israeli,"Inter-state war: Israel, Egypt, Syria, Lebanon, Jordan, Iraq",Israel,ISR,Both
G3,Inter-state wars,Arab-Israeli,"Inter-state war: Israel, Egypt, Syria, Lebanon, Jordan, Iraq",Jordan,JOR,Polity
G3,Inter-state wars,Arab-Israeli,"Inter-state war: Israel, Egypt, Syria, Lebanon, Jordan, Iraq",Lebanon,LBN,Polity
G3,Inter-state wars,Arab-Israeli,"Inter-state war: Israel, Egypt, Syria, Lebanon, Jordan, Iraq",Syrian Arab Republic (the),SYR,Polity
G3,Inter-state wars,Assam,"Inter-state war: India, China (PRC)",China,CHN,Both
G3,Inter-state wars,Assam,"Inter-state war: India, China (PRC)",India,IND,Both
G3,Inter-state wars,Austro-Sardinian,"Inter-state war: Tuscany, Italy, Austria, Modena",Italy,ITA,Geography
G3,Inter-state wars,Azeri-Armenian,"Inter-state war: Azerbaijan, Armenia",Armenia,ARM,Both
G3,Inter-state wars,Azeri-Armenian,"Inter-state war: Azerbaijan, Armenia",Azerbaijan,AZE,Both
G3,Inter-state wars,Badme Border,"Inter-state war: Eritrea, Ethiopia",Eritrea,ERI,Both
G3,Inter-state wars,Badme Border,"Inter-state war: Eritrea, Ethiopia",Ethiopia,ETH,Both
G3,Inter-state wars,Bangladesh,"Inter-state war: India, Pakistan",India,IND,Both
G3,Inter-state wars,Bangladesh,"Inter-state war: India, Pakistan",Pakistan,PAK,Polity
G3,Inter-state wars,Bosnian Independence,"Inter-state war: Croatia, Bosnia, Yugoslavia",Bosnia and Herzegovina,BIH,Both
G3,Inter-state wars,Bosnian Independence,"Inter-state war: Croatia, Bosnia, Yugoslavia",Croatia,HRV,Polity
G3,Inter-state wars,Bosnian Independence,"Inter-state war: Croatia, Bosnia, Yugoslavia",Yugoslavia,YUG,Both
G3,Inter-state wars,Boxer Rebellion,"Inter-state war: Russia, Japan, United States of America, China, United Kingdom, France",China,CHN,Both
G3,Inter-state wars,Boxer Rebellion,"Inter-state war: Russia, Japan, United States of America, China, United Kingdom, France",France,FRA,Polity
G3,Inter-state wars,Boxer Rebellion,"Inter-state war: Russia, Japan, United States of America, China, United Kingdom, France",Japan,JPN,Polity
G3,Inter-state wars,Boxer Rebellion,"Inter-state war: Russia, Japan, United States of America, China, United Kingdom, France",Russian Federation (the),RUS,Polity
G3,Inter-state wars,Boxer Rebellion,"Inter-state war: Russia, Japan, United States of America, China, United Kingdom, France",United Kingdom of Great Britain and Northern Ireland (the),GBR,Polity
G3,Inter-state wars,Boxer Rebellion,"Inter-state war: Russia, Japan, United States of America, China, United Kingdom, France",United States of America (the),USA,Polity
G3,Inter-state wars,Cenepa Valley,"Inter-state war: Ecuador, Peru",Ecuador,ECU,Both
G3,Inter-state wars,Cenepa Valley,"Inter-state war: Ecuador, Peru",Peru,PER,Both
G3,Inter-state wars,Chaco,"Inter-state war: Bolivia, Paraguay",Bolivia (Plurinational State of),BOL,Both
G3,Inter-state wars,Chaco,"Inter-state war: Bolivia, Paraguay",Paraguay,PRY,Both
G3,Inter-state wars,Changkufeng,"Inter-state war: USSR, Japan",Japan,JPN,Polity
G3,Inter-state wars,Changkufeng,"Inter-state war: USSR, Japan",USSR,SUN,Both
G3,Inter-state wars,Communist Coalition,"Inter-state war: Vietnam, United States of America, Cambodia, South Vietnam",Cambodia,KHM,Both
G3,Inter-state wars,Communist Coalition,"Inter-state war: Vietnam, United States of America, Cambodia, South Vietnam",United States of America (the),USA,Polity
G3,Inter-state wars,Communist Coalition,"Inter-state war: Vietnam, United States of America, Cambodia, South Vietnam",Viet Nam,VNM,Polity
G3,Inter-state wars,Conquest of Egypt,"Inter-state war: Egypt, United Kingdom",Egypt,EGY,Both
G3,Inter-state wars,Conquest of Egypt,"Inter-state war: Egypt, United Kingdom",United Kingdom of Great Britain and Northern Ireland (the),GBR,Polity
G3,Inter-state wars,Conquest of Ethiopia,"Inter-state war: Italy, Ethiopia",Ethiopia,ETH,Both
G3,Inter-state wars,Conquest of Ethiopia,"Inter-state war: Italy, Ethiopia",Italy,ITA,Polity
G3,Inter-state wars,Crimean,"Inter-state war: Turkey, Italy, France, United Kingdom, Russia",France,FRA,Polity
G3,Inter-state wars,Crimean,"Inter-state war: Turkey, Italy, France, United Kingdom, Russia",Italy,ITA,Polity
G3,Inter-state wars,Crimean,"Inter-state war: Turkey, Italy, France, United Kingdom, Russia",Ottoman Empire,OTO,Both
G3,Inter-state wars,Crimean,"Inter-state war: Turkey, Italy, France, United Kingdom, Russia",Russian Federation (the),RUS,Polity
G3,Inter-state wars,Crimean,"Inter-state war: Turkey, Italy, France, United Kingdom, Russia",Ukraine,UKR,Geography
G3,Inter-state wars,Crimean,"Inter-state war: Turkey, Italy, France, United Kingdom, Russia",United Kingdom of Great Britain and Northern Ireland (the),GBR,Polity
G3,Inter-state wars,Ecuadorian-Colombian,"Inter-state war: Colombia, Ecuador",Colombia,COL,Both
G3,Inter-state wars,Ecuadorian-Colombian,"Inter-state war: Colombia, Ecuador",Ecuador,ECU,Both
G3,Inter-state wars,Estonian Liberation,"Inter-state war: Estonia, Finland, Russia",Estonia,EST,Both
G3,Inter-state wars,Estonian Liberation,"Inter-state war: Estonia, Finland, Russia",Finland,FIN,Polity
G3,Inter-state wars,Estonian Liberation,"Inter-state war: Estonia, Finland, Russia",Russian Federation (the),RUS,Both
G3,Inter-state wars,Falkland Islands,"Inter-state war: United Kingdom, Argentina",Argentina,ARG,Polity
G3,Inter-state wars,Falkland Islands,"Inter-state war: United Kingdom, Argentina",United Kingdom of Great Britain and Northern Ireland (the),GBR,Polity
G3,Inter-state wars,First Balkan,"Inter-state war: Turkey, Greece, Bulgaria, Yugoslavia",Bulgaria,BGR,Both
G3,Inter-state wars,First Balkan,"Inter-state war: Turkey, Greece, Bulgaria, Yugoslavia",Greece,GRC,Both
G3,Inter-state wars,First Balkan,"Inter-state war: Turkey, Greece, Bulgaria, Yugoslavia",Montenegro,MNE,Both
G3,Inter-state wars,First Balkan,"Inter-state war: Turkey, Greece, Bulgaria, Yugoslavia",Ottoman Empire,OTO,Both
G3,Inter-state wars,First Balkan,"Inter-state war: Turkey, Greece, Bulgaria, Yugoslavia",Yugoslavia,YUG,Both
G3,Inter-state wars,First Central American,"Inter-state war: Guatemala, El Salvador",El Salvador,SLV,Both
G3,Inter-state wars,First Central American,"Inter-state war: Guatemala, El Salvador",Guatemala,GTM,Both
G3,Inter-state wars,First Kashmir,"Inter-state war: India, Pakistan",India,IND,Both
G3,Inter-state wars,First Kashmir,"Inter-state war: India, Pakistan",Pakistan,PAK,Both
G3,Inter-state wars,First Russo-Turkish,"Inter-state war: Ottoman Empire, Russia",Greece,GRC,Geography
G3,Inter-state wars,First Russo-Turkish,"Inter-state war: Ottoman Empire, Russia",Ottoman Empire,OTO,Both
G3,Inter-state wars,First Russo-Turkish,"Inter-state war: Ottoman Empire, Russia",Russian Federation (the),RUS,Polity
G3,Inter-state wars,First Schleswig-Holstein,"Inter-state war: Prussia, Denmark",Denmark,DNK,Both
G3,Inter-state wars,First Schleswig-Holstein,"Inter-state war: Prussia, Denmark",Germany,DEU,Geography
G3,Inter-state wars,First Sino-Japanese,"Inter-state war: China, Japan",China,CHN,Polity
G3,Inter-state wars,First Sino-Japanese,"Inter-state war: China, Japan",Japan,JPN,Polity
G3,Inter-state wars,First Sino-Japanese,"Inter-state war: China, Japan",Korea (the Republic of),KOR,Geography
G3,Inter-state wars,First Sino-Japanese,"Inter-state war: China, Japan",Taiwan,TWN,Geography
G3,Inter-state wars,First Spanish-Moroccan,"Inter-state war: Morocco, Spain",Morocco,MAR,Both
G3,Inter-state wars,First Spanish-Moroccan,"Inter-state war: Morocco, Spain",Spain,ESP,Polity
G3,Inter-state wars,Football War,"Inter-state war: Honduras, El Salvador",El Salvador,SLV,Both
G3,Inter-state wars,Football War,"Inter-state war: Honduras, El Salvador",Honduras,HND,Both
G3,Inter-state wars,Fourth Central American,"Inter-state war: Nicaragua, El Salvador, Honduras",El Salvador,SLV,Both
G3,Inter-state wars,Fourth Central American,"Inter-state war: Nicaragua, El Salvador, Honduras",Honduras,HND,Polity
G3,Inter-state wars,Fourth Central American,"Inter-state war: Nicaragua, El Salvador, Honduras",Nicaragua,NIC,Polity
G3,Inter-state wars,Franco-Mexican,"Inter-state war: Mexico, France",France,FRA,Polity
G3,Inter-state wars,Franco-Mexican,"Inter-state war: Mexico, France",Mexico,MEX,Both
G3,Inter-state wars,Franco-Prussian,"Inter-state war: Wuerttemburg, Baden, Germany, Bavaria, France",France,FRA,Both
G3,Inter-state wars,Franco-Prussian,"Inter-state war: Wuerttemburg, Baden, Germany, Bavaria, France",Germany,DEU,Geography
G3,Inter-state wars,Franco-Spanish War,"Inter-state war: Spain, France",France,FRA,Polity
G3,Inter-state wars,Franco-Spanish War,"Inter-state war: Spain, France",Spain,ESP,Both
G3,Inter-state wars,Franco-Thai,"Inter-state war: France, Thailand",France,FRA,Polity
G3,Inter-state wars,Franco-Thai,"Inter-state war: France, Thailand",Thailand,THA,Both
G3,Inter-state wars,Franco-Turkish,"Inter-state war: Turkey, France",France,FRA,Polity
G3,Inter-state wars,Franco-Turkish,"Inter-state war: Turkey, France",Türkiye,TUR,Geography
G3,Inter-state wars,Greco-Turkish,"Inter-state war: Greece, Turkey",Greece,GRC,Both
G3,Inter-state wars,Greco-Turkish,"Inter-state war: Greece, Turkey",Ottoman Empire,OTO,Polity
G3,Inter-state wars,Gulf War,"Inter-state war: Kuwait, United States of America, Canada, United Kingdom, Italy, Morocco, Iraq, Egypt, Oman, France, United Arab Emirates, Qatar, Saudi Arabia, Syria",Canada,CAN,Polity
G3,Inter-state wars,Gulf War,"Inter-state war: Kuwait, United States of America, Canada, United Kingdom, Italy, Morocco, Iraq, Egypt, Oman, France, United Arab Emirates, Qatar, Saudi Arabia, Syria",Egypt,EGY,Polity
G3,Inter-state wars,Gulf War,"Inter-state war: Kuwait, United States of America, Canada, United Kingdom, Italy, Morocco, Iraq, Egypt, Oman, France, United Arab Emirates, Qatar, Saudi Arabia, Syria",France,FRA,Polity
G3,Inter-state wars,Gulf War,"Inter-state war: Kuwait, United States of America, Canada, United Kingdom, Italy, Morocco, Iraq, Egypt, Oman, France, United Arab Emirates, Qatar, Saudi Arabia, Syria",Iraq,IRQ,Both
G3,Inter-state wars,Gulf War,"Inter-state war: Kuwait, United States of America, Canada, United Kingdom, Italy, Morocco, Iraq, Egypt, Oman, France, United Arab Emirates, Qatar, Saudi Arabia, Syria",Italy,ITA,Polity
G3,Inter-state wars,Gulf War,"Inter-state war: Kuwait, United States of America, Canada, United Kingdom, Italy, Morocco, Iraq, Egypt, Oman, France, United Arab Emirates, Qatar, Saudi Arabia, Syria",Kuwait,KWT,Both
G3,Inter-state wars,Gulf War,"Inter-state war: Kuwait, United States of America, Canada, United Kingdom, Italy, Morocco, Iraq, Egypt, Oman, France, United Arab Emirates, Qatar, Saudi Arabia, Syria",Morocco,MAR,Polity
G3,Inter-state wars,Gulf War,"Inter-state war: Kuwait, United States of America, Canada, United Kingdom, Italy, Morocco, Iraq, Egypt, Oman, France, United Arab Emirates, Qatar, Saudi Arabia, Syria",Oman,OMN,Polity
G3,Inter-state wars,Gulf War,"Inter-state war: Kuwait, United States of America, Canada, United Kingdom, Italy, Morocco, Iraq, Egypt, Oman, France, United Arab Emirates, Qatar, Saudi Arabia, Syria",Qatar,QAT,Polity
G3,Inter-state wars,Gulf War,"Inter-state war: Kuwait, United States of America, Canada, United Kingdom, Italy, Morocco, Iraq, Egypt, Oman, France, United Arab Emirates, Qatar, Saudi Arabia, Syria",Saudi Arabia,SAU,Polity
G3,Inter-state wars,Gulf War,"Inter-state war: Kuwait, United States of America, Canada, United Kingdom, Italy, Morocco, Iraq, Egypt, Oman, France, United Arab Emirates, Qatar, Saudi Arabia, Syria",Syrian Arab Republic (the),SYR,Polity
G3,Inter-state wars,Gulf War,"Inter-state war: Kuwait, United States of America, Canada, United Kingdom, Italy, Morocco, Iraq, Egypt, Oman, France, United Arab Emirates, Qatar, Saudi Arabia, Syria",United Arab Emirates (the),ARE,Polity
G3,Inter-state wars,Gulf War,"Inter-state war: Kuwait, United States of America, Canada, United Kingdom, Italy, Morocco, Iraq, Egypt, Oman, France, United Arab Emirates, Qatar, Saudi Arabia, Syria",United Kingdom of Great Britain and Northern Ireland (the),GBR,Polity
G3,Inter-state wars,Gulf War,"Inter-state war: Kuwait, United States of America, Canada, United Kingdom, Italy, Morocco, Iraq, Egypt, Oman, France, United Arab Emirates, Qatar, Saudi Arabia, Syria",United States of America (the),USA,Polity
G3,Inter-state wars,Hungarian Adversaries,"Inter-state war: Hungary, Czechoslovakia, Romania",Czechoslovakia,CSK,Polity
G3,Inter-state wars,Hungarian Adversaries,"Inter-state war: Hungary, Czechoslovakia, Romania",Hungary,HUN,Both
G3,Inter-state wars,Hungarian Adversaries,"Inter-state war: Hungary, Czechoslovakia, Romania",Romania,ROU,Both
G3,Inter-state wars,IfniWar,"Inter-state war: France, Spain, Morocco",France,FRA,Polity
G3,Inter-state wars,IfniWar,"Inter-state war: France, Spain, Morocco",Morocco,MAR,Both
G3,Inter-state wars,IfniWar,"Inter-state war: France, Spain, Morocco",Spain,ESP,Polity
G3,Inter-state wars,Invasion of Afghanistan,"Inter-state war: Canada, France, United Kingdom, United States of America, Australia, Afghanistan",Afghanistan,AFG,Both
G3,Inter-state wars,Invasion of Afghanistan,"Inter-state war: Canada, France, United Kingdom, United States of America, Australia, Afghanistan",Australia,AUS,Polity
G3,Inter-state wars,Invasion of Afghanistan,"Inter-state war: Canada, France, United Kingdom, United States of America, Australia, Afghanistan",Canada,CAN,Polity
G3,Inter-state wars,Invasion of Afghanistan,"Inter-state war: Canada, France, United Kingdom, United States of America, Australia, Afghanistan",France,FRA,Polity
G3,Inter-state wars,Invasion of Afghanistan,"Inter-state war: Canada, France, United Kingdom, United States of America, Australia, Afghanistan",United Kingdom of Great Britain and Northern Ireland (the),GBR,Polity
G3,Inter-state wars,Invasion of Afghanistan,"Inter-state war: Canada, France, United Kingdom, United States of America, Australia, Afghanistan",United States of America (the),USA,Polity
G3,Inter-state wars,Invasion of Iraq,"Inter-state war: Australia, United Kingdom, United States of America, Iraq",Australia,AUS,Polity
G3,Inter-state wars,Invasion of Iraq,"Inter-state war: Australia, United Kingdom, United States of America, Iraq",Iraq,IRQ,Both
G3,Inter-state wars,Invasion of Iraq,"Inter-state war: Australia, United Kingdom, United States of America, Iraq",United Kingdom of Great Britain and Northern Ireland (the),GBR,Polity
G3,Inter-state wars,Invasion of Iraq,"Inter-state war: Australia, United Kingdom, United States of America, Iraq",United States of America (the),USA,Polity
G3,Inter-state wars,Iran-Iraq,"Inter-state war: Iraq, Iran",Iran (Islamic Republic of),IRN,Both
G3,Inter-state wars,Iran-Iraq,"Inter-state war: Iraq, Iran",Iraq,IRQ,Both
G3,Inter-state wars,Italian Unification,"Inter-state war: Sardinia/Piedmont, Austria, France",France,FRA,Polity
G3,Inter-state wars,Italian Unification,"Inter-state war: Sardinia/Piedmont, Austria, France",Italy,ITA,Both
G3,Inter-state wars,Italian-Roman,"Inter-state war: Sardinia/Piedmont, Papal States",Italy,ITA,Geography
G3,Inter-state wars,Italian-Turkish,"Inter-state war: Italy, Turkey",Italy,ITA,Polity
G3,Inter-state wars,Italian-Turkish,"Inter-state war: Italy, Turkey",Türkiye,TUR,Polity
G3,Inter-state wars,Kargil War,"Inter-state war: India, Pakistan",India,IND,Polity
G3,Inter-state wars,Kargil War,"Inter-state war: India, Pakistan",Pakistan,PAK,Polity
G3,Inter-state wars,Korean,"Inter-state war: China, Belgium, Canada, Colombia, United Kingdom, Netherlands, Greece, France, Turkey, Philippines, Thailand, North Korea, Ethiopia, Australia, South Korea, United States of America",Australia,AUS,Polity
G3,Inter-state wars,Korean,"Inter-state war: China, Belgium, Canada, Colombia, United Kingdom, Netherlands, Greece, France, Turkey, Philippines, Thailand, North Korea, Ethiopia, Australia, South Korea, United States of America",Belgium,BEL,Polity
G3,Inter-state wars,Korean,"Inter-state war: China, Belgium, Canada, Colombia, United Kingdom, Netherlands, Greece, France, Turkey, Philippines, Thailand, North Korea, Ethiopia, Australia, South Korea, United States of America",Canada,CAN,Polity
G3,Inter-state wars,Korean,"Inter-state war: China, Belgium, Canada, Colombia, United Kingdom, Netherlands, Greece, France, Turkey, Philippines, Thailand, North Korea, Ethiopia, Australia, South Korea, United States of America",China,CHN,Polity
G3,Inter-state wars,Korean,"Inter-state war: China, Belgium, Canada, Colombia, United Kingdom, Netherlands, Greece, France, Turkey, Philippines, Thailand, North Korea, Ethiopia, Australia, South Korea, United States of America",Colombia,COL,Polity
G3,Inter-state wars,Korean,"Inter-state war: China, Belgium, Canada, Colombia, United Kingdom, Netherlands, Greece, France, Turkey, Philippines, Thailand, North Korea, Ethiopia, Australia, South Korea, United States of America",Ethiopia,ETH,Polity
G3,Inter-state wars,Korean,"Inter-state war: China, Belgium, Canada, Colombia, United Kingdom, Netherlands, Greece, France, Turkey, Philippines, Thailand, North Korea, Ethiopia, Australia, South Korea, United States of America",France,FRA,Polity
G3,Inter-state wars,Korean,"Inter-state war: China, Belgium, Canada, Colombia, United Kingdom, Netherlands, Greece, France, Turkey, Philippines, Thailand, North Korea, Ethiopia, Australia, South Korea, United States of America",Greece,GRC,Polity
G3,Inter-state wars,Korean,"Inter-state war: China, Belgium, Canada, Colombia, United Kingdom, Netherlands, Greece, France, Turkey, Philippines, Thailand, North Korea, Ethiopia, Australia, South Korea, United States of America",Korea (the Democratic People's Republic of),PRK,Both
G3,Inter-state wars,Korean,"Inter-state war: China, Belgium, Canada, Colombia, United Kingdom, Netherlands, Greece, France, Turkey, Philippines, Thailand, North Korea, Ethiopia, Australia, South Korea, United States of America",Korea (the Republic of),KOR,Both
G3,Inter-state wars,Korean,"Inter-state war: China, Belgium, Canada, Colombia, United Kingdom, Netherlands, Greece, France, Turkey, Philippines, Thailand, North Korea, Ethiopia, Australia, South Korea, United States of America","Netherlands, Kingdom of the",NLD,Polity
G3,Inter-state wars,Korean,"Inter-state war: China, Belgium, Canada, Colombia, United Kingdom, Netherlands, Greece, France, Turkey, Philippines, Thailand, North Korea, Ethiopia, Australia, South Korea, United States of America",Philippines (the),PHL,Polity
G3,Inter-state wars,Korean,"Inter-state war: China, Belgium, Canada, Colombia, United Kingdom, Netherlands, Greece, France, Turkey, Philippines, Thailand, North Korea, Ethiopia, Australia, South Korea, United States of America",Thailand,THA,Polity
G3,Inter-state wars,Korean,"Inter-state war: China, Belgium, Canada, Colombia, United Kingdom, Netherlands, Greece, France, Turkey, Philippines, Thailand, North Korea, Ethiopia, Australia, South Korea, United States of America",Türkiye,TUR,Polity
G3,Inter-state wars,Korean,"Inter-state war: China, Belgium, Canada, Colombia, United Kingdom, Netherlands, Greece, France, Turkey, Philippines, Thailand, North Korea, Ethiopia, Australia, South Korea, United States of America",United Kingdom of Great Britain and Northern Ireland (the),GBR,Polity
G3,Inter-state wars,Korean,"Inter-state war: China, Belgium, Canada, Colombia, United Kingdom, Netherlands, Greece, France, Turkey, Philippines, Thailand, North Korea, Ethiopia, Australia, South Korea, United States of America",United States of America (the),USA,Polity
G3,Inter-state wars,La Plata,"Inter-state war: Argentina, Brazil",Argentina,ARG,Both
G3,Inter-state wars,La Plata,"Inter-state war: Argentina, Brazil",Brazil,BRA,Both
G3,Inter-state wars,La Plata,"Inter-state war: Argentina, Brazil",Uruguay,URY,Geography
G3,Inter-state wars,Latvian Liberation,"Inter-state war: Germany, Russia, Estonia, Latvia",Estonia,EST,Polity
G3,Inter-state wars,Latvian Liberation,"Inter-state war: Germany, Russia, Estonia, Latvia",Germany,DEU,Polity
G3,Inter-state wars,Latvian Liberation,"Inter-state war: Germany, Russia, Estonia, Latvia",Latvia,LVA,Both
G3,Inter-state wars,Latvian Liberation,"Inter-state war: Germany, Russia, Estonia, Latvia",USSR,SUN,Both
G3,Inter-state wars,Lithuanian-Polish,"Inter-state war: Lithuania, Poland",Lithuania,LTU,Both
G3,Inter-state wars,Lithuanian-Polish,"Inter-state war: Lithuania, Poland",Poland,POL,Both
G3,Inter-state wars,Lopez,"Inter-state war: Argentina, Paraguay, Brazil",Argentina,ARG,Polity
G3,Inter-state wars,Lopez,"Inter-state war: Argentina, Paraguay, Brazil",Brazil,BRA,Polity
G3,Inter-state wars,Lopez,"Inter-state war: Argentina, Paraguay, Brazil",Paraguay,PRY,Both
G3,Inter-state wars,Manchurian,"Inter-state war: USSR, China",China,CHN,Geography
G3,Inter-state wars,Manchurian,"Inter-state war: USSR, China",USSR,SUN,Polity
G3,Inter-state wars,Mexican-American,"Inter-state war: Mexico, United States of America",Mexico,MEX,Both
G3,Inter-state wars,Mexican-American,"Inter-state war: Mexico, United States of America",United States of America (the),USA,Polity
G3,Inter-state wars,Naval War,"Inter-state war: Chile, Peru, Spain",Chile,CHL,Polity
G3,Inter-state wars,Naval War,"Inter-state war: Chile, Peru, Spain",Peru,PER,Both
G3,Inter-state wars,Naval War,"Inter-state war: Chile, Peru, Spain",Spain,ESP,Polity
G3,Inter-state wars,Neapolitan,"Inter-state war: Two Sicilies, Sardinia/Piedmont",Italy,ITA,Geography
G3,Inter-state wars,Nomonhan,"Inter-state war: USSR, Mongolia, Japan",Japan,JPN,Polity
G3,Inter-state wars,Nomonhan,"Inter-state war: USSR, Mongolia, Japan",Mongolia,MNG,Both
G3,Inter-state wars,Nomonhan,"Inter-state war: USSR, Mongolia, Japan",USSR,SUN,Both
G3,Inter-state wars,Off-shore Islands,"Inter-state war: China, Taiwan",China,CHN,Polity
G3,Inter-state wars,Off-shore Islands,"Inter-state war: China, Taiwan",Taiwan,TWN,Polity
G3,Inter-state wars,Roman Republic,"Inter-state war: France, Two Sicilies, Austria, Papal States",France,FRA,Polity
G3,Inter-state wars,Roman Republic,"Inter-state war: France, Two Sicilies, Austria, Papal States",Italy,ITA,Geography
G3,Inter-state wars,Russo-Finnish,"Inter-state war: Finland, USSR",Finland,FIN,Both
G3,Inter-state wars,Russo-Finnish,"Inter-state war: Finland, USSR",USSR,SUN,Polity
G3,Inter-state wars,Russo-Japanese,"Inter-state war: Japan, Russia",China,CHN,Geography
G3,Inter-state wars,Russo-Japanese,"Inter-state war: Japan, Russia",Japan,JPN,Both
G3,Inter-state wars,Russo-Japanese,"Inter-state war: Japan, Russia",Russian Federation (the),RUS,Polity
G3,Inter-state wars,Russo-Polish,"Inter-state war: Russia, Poland",Poland,POL,Both
G3,Inter-state wars,Russo-Polish,"Inter-state war: Russia, Poland",Russian Federation (the),RUS,Both
G3,Inter-state wars,Saudi-Yemeni,"Inter-state war: Saudi Arabia, Yemen Arab Republic",Saudi Arabia,SAU,Both
G3,Inter-state wars,Saudi-Yemeni,"Inter-state war: Saudi Arabia, Yemen Arab Republic",Yemen,YEM,Geography
G3,Inter-state wars,Second Balkan,"Inter-state war: Turkey, Yugoslavia, Greece, Bulgaria, Romania",Bulgaria,BGR,Both
G3,Inter-state wars,Second Balkan,"Inter-state war: Turkey, Yugoslavia, Greece, Bulgaria, Romania",Greece,GRC,Both
G3,Inter-state wars,Second Balkan,"Inter-state war: Turkey, Yugoslavia, Greece, Bulgaria, Romania",Ottoman Empire,OTO,Polity
G3,Inter-state wars,Second Balkan,"Inter-state war: Turkey, Yugoslavia, Greece, Bulgaria, Romania",Romania,ROU,Both
G3,Inter-state wars,Second Balkan,"Inter-state war: Turkey, Yugoslavia, Greece, Bulgaria, Romania",Serbia,SRB,Both
G3,Inter-state wars,Second Central American,"Inter-state war: El Salvador, Guatemala",El Salvador,SLV,Both
G3,Inter-state wars,Second Central American,"Inter-state war: El Salvador, Guatemala",Guatemala,GTM,Both
G3,Inter-state wars,Second Greco-Turkish,"Inter-state war: Turkey, Greece",Greece,GRC,Polity
G3,Inter-state wars,Second Greco-Turkish,"Inter-state war: Turkey, Greece",Türkiye,TUR,Both
G3,Inter-state wars,Second Kashmir,"Inter-state war: India, Pakistan",India,IND,Both
G3,Inter-state wars,Second Kashmir,"Inter-state war: India, Pakistan",Pakistan,PAK,Both
G3,Inter-state wars,"Second Laotian, Phase 2","Inter-state war: United States of America, Thailand, Laos, Vietnam",Lao People's Democratic Republic (the),LAO,Both
G3,Inter-state wars,"Second Laotian, Phase 2","Inter-state war: United States of America, Thailand, Laos, Vietnam",Thailand,THA,Polity
G3,Inter-state wars,"Second Laotian, Phase 2","Inter-state war: United States of America, Thailand, Laos, Vietnam",United States of America (the),USA,Polity
G3,Inter-state wars,"Second Laotian, Phase 2","Inter-state war: United States of America, Thailand, Laos, Vietnam",Viet Nam,VNM,Polity
G3,Inter-state wars,"Second Ogaden War, Phase 2","Inter-state war: Ethiopia, Cuba, Somalia",Cuba,CUB,Polity
G3,Inter-state wars,"Second Ogaden War, Phase 2","Inter-state war: Ethiopia, Cuba, Somalia",Ethiopia,ETH,Both
G3,Inter-state wars,"Second Ogaden War, Phase 2","Inter-state war: Ethiopia, Cuba, Somalia",Somalia,SOM,Both
G3,Inter-state wars,Second Russo-Turkish,"Inter-state war: Turkey, Russia",Armenia,ARM,Geography
G3,Inter-state wars,Second Russo-Turkish,"Inter-state war: Turkey, Russia",Bulgaria,BGR,Both
G3,Inter-state wars,Second Russo-Turkish,"Inter-state war: Turkey, Russia",Georgia,GEO,Geography
G3,Inter-state wars,Second Russo-Turkish,"Inter-state war: Turkey, Russia",Ottoman Empire,OTO,Both
G3,Inter-state wars,Second Russo-Turkish,"Inter-state war: Turkey, Russia",Romania,ROU,Both
G3,Inter-state wars,Second Russo-Turkish,"Inter-state war: Turkey, Russia",Russian Federation (the),RUS,Polity
G3,Inter-state wars,Second Schleswig-Holstein,"Inter-state war: Germany, Denmark, Austria",Denmark,DNK,Both
G3,Inter-state wars,Second Schleswig-Holstein,"Inter-state war: Germany, Denmark, Austria",Germany,DEU,Geography
G3,Inter-state wars,Second Sino-Japanese,"Inter-state war: Japan, China",China,CHN,Geography
G3,Inter-state wars,Second Sino-Japanese,"Inter-state war: Japan, China",Japan,JPN,Polity
G3,Inter-state wars,Second Spanish-Moroccan,"Inter-state war: Spain, Morocco",Morocco,MAR,Geography
G3,Inter-state wars,Second Spanish-Moroccan,"Inter-state war: Spain, Morocco",Spain,ESP,Polity
G3,Inter-state wars,Seven Weeks,"Inter-state war: Italy, Hesse Grand Ducal, Wuerttemburg, Bavaria, Austria, Germany, Mecklenburg Schwerin, Hesse Electoral, Saxony, Baden, Hanover",Czechia,CZE,Geography
G3,Inter-state wars,Seven Weeks,"Inter-state war: Italy, Hesse Grand Ducal, Wuerttemburg, Bavaria, Austria, Germany, Mecklenburg Schwerin, Hesse Electoral, Saxony, Baden, Hanover",Germany,DEU,Geography
G3,Inter-state wars,Seven Weeks,"Inter-state war: Italy, Hesse Grand Ducal, Wuerttemburg, Bavaria, Austria, Germany, Mecklenburg Schwerin, Hesse Electoral, Saxony, Baden, Hanover",Italy,ITA,Both
G3,Inter-state wars,Sinai War,"Inter-state war: France, Israel, Egypt, United Kingdom",Egypt,EGY,Both
G3,Inter-state wars,Sinai War,"Inter-state war: France, Israel, Egypt, United Kingdom",France,FRA,Polity
G3,Inter-state wars,Sinai War,"Inter-state war: France, Israel, Egypt, United Kingdom",Israel,ISR,Polity
G3,Inter-state wars,Sinai War,"Inter-state war: France, Israel, Egypt, United Kingdom",United Kingdom of Great Britain and Northern Ireland (the),GBR,Polity
G3,Inter-state wars,Sino-French,"Inter-state war: France, China",China,CHN,Polity
G3,Inter-state wars,Sino-French,"Inter-state war: France, China",France,FRA,Polity
G3,Inter-state wars,Sino-French,"Inter-state war: France, China",Taiwan,TWN,Geography
G3,Inter-state wars,Sino-French,"Inter-state war: France, China",Viet Nam,VNM,Geography
G3,Inter-state wars,Sino-Russian,"Inter-state war: Russia, China",China,CHN,Both
G3,Inter-state wars,Sino-Russian,"Inter-state war: Russia, China",Russian Federation (the),RUS,Both
G3,Inter-state wars,Sino-Vietnamese Border War,"Inter-state war: Vietnam, China",China,CHN,Polity
G3,Inter-state wars,Sino-Vietnamese Border War,"Inter-state war: Vietnam, China",Viet Nam,VNM,Both
G3,Inter-state wars,Sino-Vietnamese Punitive,"Inter-state war: China, Vietnam",China,CHN,Polity
G3,Inter-state wars,Sino-Vietnamese Punitive,"Inter-state war: China, Vietnam",Viet Nam,VNM,Both
G3,Inter-state wars,Six Day War,"Inter-state war: Israel, Egypt, Jordan, Syria",Egypt,EGY,Both
G3,Inter-state wars,Six Day War,"Inter-state war: Israel, Egypt, Jordan, Syria",Israel,ISR,Both
G3,Inter-state wars,Six Day War,"Inter-state war: Israel, Egypt, Jordan, Syria",Jordan,JOR,Polity
G3,Inter-state wars,Six Day War,"Inter-state war: Israel, Egypt, Jordan, Syria",Syrian Arab Republic (the),SYR,Polity
G3,Inter-state wars,Soviet Invasion of Hungary,"Inter-state war: Hungary, USSR",Hungary,HUN,Both
G3,Inter-state wars,Soviet Invasion of Hungary,"Inter-state war: Hungary, USSR",USSR,SUN,Polity
G3,Inter-state wars,Spanish-American,"Inter-state war: Spain, United States of America",Cuba,CUB,Geography
G3,Inter-state wars,Spanish-American,"Inter-state war: Spain, United States of America",Philippines (the),PHL,Geography
G3,Inter-state wars,Spanish-American,"Inter-state war: Spain, United States of America",Spain,ESP,Polity
G3,Inter-state wars,Spanish-American,"Inter-state war: Spain, United States of America",United States of America (the),USA,Both
G3,Inter-state wars,Taiwan Straits,"Inter-state war: China (PRC), Taiwan (ROC)",China,CHN,Polity
G3,Inter-state wars,Taiwan Straits,"Inter-state war: China (PRC), Taiwan (ROC)",Taiwan,TWN,Polity
G3,Inter-state wars,Third Central American,"Inter-state war: Honduras, El Salvador, Guatemala",El Salvador,SLV,Polity
G3,Inter-state wars,Third Central American,"Inter-state war: Honduras, El Salvador, Guatemala",Guatemala,GTM,Both
G3,Inter-state wars,Third Central American,"Inter-state war: Honduras, El Salvador, Guatemala",Honduras,HND,Polity
G3,Inter-state wars,Third Sino-Japanese,"Inter-state war: China, Japan",China,CHN,Geography
G3,Inter-state wars,Third Sino-Japanese,"Inter-state war: China, Japan",Japan,JPN,Polity
G3,Inter-state wars,Turco-Cypriot,"Inter-state war: Turkey, Cyprus",Cyprus,CYP,Both
G3,Inter-state wars,Turco-Cypriot,"Inter-state war: Turkey, Cyprus",Türkiye,TUR,Polity
G3,Inter-state wars,Ugandian-Tanzanian,"Inter-state war: Uganda, Tanzania, Libya",Libya,LBY,Polity
G3,Inter-state wars,Ugandian-Tanzanian,"Inter-state war: Uganda, Tanzania, Libya","Tanzania, the United Republic of",TZA,Both
G3,Inter-state wars,Ugandian-Tanzanian,"Inter-state war: Uganda, Tanzania, Libya",Uganda,UGA,Both
G3,Inter-state wars,"Vietnam War, Phase 2","Inter-state war: United States of America, Cambodia, South Korea, Philippines, South Vietnam, Vietnam, Thailand, Australia",Australia,AUS,Polity
G3,Inter-state wars,"Vietnam War, Phase 2","Inter-state war: United States of America, Cambodia, South Korea, Philippines, South Vietnam, Vietnam, Thailand, Australia",Cambodia,KHM,Geography
G3,Inter-state wars,"Vietnam War, Phase 2","Inter-state war: United States of America, Cambodia, South Korea, Philippines, South Vietnam, Vietnam, Thailand, Australia",Korea (the Republic of),KOR,Polity
G3,Inter-state wars,"Vietnam War, Phase 2","Inter-state war: United States of America, Cambodia, South Korea, Philippines, South Vietnam, Vietnam, Thailand, Australia",Lao People's Democratic Republic (the),LAO,Geography
G3,Inter-state wars,"Vietnam War, Phase 2","Inter-state war: United States of America, Cambodia, South Korea, Philippines, South Vietnam, Vietnam, Thailand, Australia",Philippines (the),PHL,Polity
G3,Inter-state wars,"Vietnam War, Phase 2","Inter-state war: United States of America, Cambodia, South Korea, Philippines, South Vietnam, Vietnam, Thailand, Australia",Thailand,THA,Polity
G3,Inter-state wars,"Vietnam War, Phase 2","Inter-state war: United States of America, Cambodia, South Korea, Philippines, South Vietnam, Vietnam, Thailand, Australia",United States of America (the),USA,Polity
G3,Inter-state wars,"Vietnam War, Phase 2","Inter-state war: United States of America, Cambodia, South Korea, Philippines, South Vietnam, Vietnam, Thailand, Australia",Viet Nam,VNM,Geography
G3,Inter-state wars,Vietnamese-Cambodian,"Inter-state war: Vietnam, Cambodia",Cambodia,KHM,Both
G3,Inter-state wars,Vietnamese-Cambodian,"Inter-state war: Vietnam, Cambodia",Viet Nam,VNM,Geography
G3,Inter-state wars,War for Kosovo,"Inter-state war: Turkey, Italy, United Kingdom, United States of America, Netherlands, France, Yugoslavia, Germany",France,FRA,Polity
G3,Inter-state wars,War for Kosovo,"Inter-state war: Turkey, Italy, United Kingdom, United States of America, Netherlands, France, Yugoslavia, Germany",Germany,DEU,Polity
G3,Inter-state wars,War for Kosovo,"Inter-state war: Turkey, Italy, United Kingdom, United States of America, Netherlands, France, Yugoslavia, Germany",Italy,ITA,Polity
G3,Inter-state wars,War for Kosovo,"Inter-state war: Turkey, Italy, United Kingdom, United States of America, Netherlands, France, Yugoslavia, Germany",Kosovo,,Both
G3,Inter-state wars,War for Kosovo,"Inter-state war: Turkey, Italy, United Kingdom, United States of America, Netherlands, France, Yugoslavia, Germany",Montenegro,MNE,Both
G3,Inter-state wars,War for Kosovo,"Inter-state war: Turkey, Italy, United Kingdom, United States of America, Netherlands, France, Yugoslavia, Germany","Netherlands, Kingdom of the",NLD,Polity
G3,Inter-state wars,War for Kosovo,"Inter-state war: Turkey, Italy, United Kingdom, United States of America, Netherlands, France, Yugoslavia, Germany",Serbia,SRB,Both
G3,Inter-state wars,War for Kosovo,"Inter-state war: Turkey, Italy, United Kingdom, United States of America, Netherlands, France, Yugoslavia, Germany",Türkiye,TUR,Polity
G3,Inter-state wars,War for Kosovo,"Inter-state war: Turkey, Italy, United Kingdom, United States of America, Netherlands, France, Yugoslavia, Germany",United Kingdom of Great Britain and Northern Ireland (the),GBR,Polity
G3,Inter-state wars,War for Kosovo,"Inter-state war: Turkey, Italy, United Kingdom, United States of America, Netherlands, France, Yugoslavia, Germany",United States of America (the),USA,Polity
G3,Inter-state wars,War of Attrition,"Inter-state war: Egypt, Israel",Egypt,EGY,Both
G3,Inter-state wars,War of Attrition,"Inter-state war: Egypt, Israel",Israel,ISR,Both
G3,Inter-state wars,War of the Pacific,"Inter-state war: Chile, Peru, Bolivia",Bolivia (Plurinational State of),BOL,Both
G3,Inter-state wars,War of the Pacific,"Inter-state war: Chile, Peru, Bolivia",Chile,CHL,Both
G3,Inter-state wars,War of the Pacific,"Inter-state war: Chile, Peru, Bolivia",Peru,PER,Both
G3,Inter-state wars,War over Angola,"Inter-state war: Cuba, South Africa, Democratic Republic of the Congo, Angola",Angola,AGO,Both
G3,Inter-state wars,War over Angola,"Inter-state war: Cuba, South Africa, Democratic Republic of the Congo, Angola",Congo (the Democratic Republic of the),COD,Polity
G3,Inter-state wars,War over Angola,"Inter-state war: Cuba, South Africa, Democratic Republic of the Congo, Angola",Cuba,CUB,Polity
G3,Inter-state wars,War over Angola,"Inter-state war: Cuba, South Africa, Democratic Republic of the Congo, Angola",South Africa,ZAF,Polity
G3,Inter-state wars,War over Lebanon,"Inter-state war: Israel, Syria",Israel,ISR,Polity
G3,Inter-state wars,War over Lebanon,"Inter-state war: Israel, Syria",Lebanon,LBN,Both
G3,Inter-state wars,War over Lebanon,"Inter-state war: Israel, Syria",Syrian Arab Republic (the),SYR,Polity
G3,Inter-state wars,War over the Aouzou Strip,"Inter-state war: Chad, Libya",Chad,TCD,Both
G3,Inter-state wars,War over the Aouzou Strip,"Inter-state war: Chad, Libya",Libya,LBY,Polity
G3,Inter-state wars,World War I,"Inter-state war: Yugoslavia, Russia, Bulgaria, United Kingdom, Japan, Portugal, Turkey, Belgium, Germany, Greece, Romania, Austria-Hungary, France, Italy, United States of America",Belgium,BEL,Both
G3,Inter-state wars,World War I,"Inter-state war: Yugoslavia, Russia, Bulgaria, United Kingdom, Japan, Portugal, Turkey, Belgium, Germany, Greece, Romania, Austria-Hungary, France, Italy, United States of America",Bulgaria,BGR,Both
G3,Inter-state wars,World War I,"Inter-state war: Yugoslavia, Russia, Bulgaria, United Kingdom, Japan, Portugal, Turkey, Belgium, Germany, Greece, Romania, Austria-Hungary, France, Italy, United States of America",France,FRA,Both
G3,Inter-state wars,World War I,"Inter-state war: Yugoslavia, Russia, Bulgaria, United Kingdom, Japan, Portugal, Turkey, Belgium, Germany, Greece, Romania, Austria-Hungary, France, Italy, United States of America",Germany,DEU,Both
G3,Inter-state wars,World War I,"Inter-state war: Yugoslavia, Russia, Bulgaria, United Kingdom, Japan, Portugal, Turkey, Belgium, Germany, Greece, Romania, Austria-Hungary, France, Italy, United States of America",Greece,GRC,Both
G3,Inter-state wars,World War I,"Inter-state war: Yugoslavia, Russia, Bulgaria, United Kingdom, Japan, Portugal, Turkey, Belgium, Germany, Greece, Romania, Austria-Hungary, France, Italy, United States of America",Italy,ITA,Both
G3,Inter-state wars,World War I,"Inter-state war: Yugoslavia, Russia, Bulgaria, United Kingdom, Japan, Portugal, Turkey, Belgium, Germany, Greece, Romania, Austria-Hungary, France, Italy, United States of America",Japan,JPN,Polity
G3,Inter-state wars,World War I,"Inter-state war: Yugoslavia, Russia, Bulgaria, United Kingdom, Japan, Portugal, Turkey, Belgium, Germany, Greece, Romania, Austria-Hungary, France, Italy, United States of America",Portugal,PRT,Both
G3,Inter-state wars,World War I,"Inter-state war: Yugoslavia, Russia, Bulgaria, United Kingdom, Japan, Portugal, Turkey, Belgium, Germany, Greece, Romania, Austria-Hungary, France, Italy, United States of America",Romania,ROU,Both
G3,Inter-state wars,World War I,"Inter-state war: Yugoslavia, Russia, Bulgaria, United Kingdom, Japan, Portugal, Turkey, Belgium, Germany, Greece, Romania, Austria-Hungary, France, Italy, United States of America",Russian Federation (the),RUS,Both
G3,Inter-state wars,World War I,"Inter-state war: Yugoslavia, Russia, Bulgaria, United Kingdom, Japan, Portugal, Turkey, Belgium, Germany, Greece, Romania, Austria-Hungary, France, Italy, United States of America",Türkiye,TUR,Both
G3,Inter-state wars,World War I,"Inter-state war: Yugoslavia, Russia, Bulgaria, United Kingdom, Japan, Portugal, Turkey, Belgium, Germany, Greece, Romania, Austria-Hungary, France, Italy, United States of America",United Kingdom of Great Britain and Northern Ireland (the),GBR,Both
G3,Inter-state wars,World War I,"Inter-state war: Yugoslavia, Russia, Bulgaria, United Kingdom, Japan, Portugal, Turkey, Belgium, Germany, Greece, Romania, Austria-Hungary, France, Italy, United States of America",United States of America (the),USA,Polity
G3,Inter-state wars,World War I,"Inter-state war: Yugoslavia, Russia, Bulgaria, United Kingdom, Japan, Portugal, Turkey, Belgium, Germany, Greece, Romania, Austria-Hungary, France, Italy, United States of America",Yugoslavia,YUG,Both
G3,Inter-state wars,World War II,"Inter-state war: Hungary, Belgium, France, Yugoslavia, Finland, Norway, Canada, United States of America, United Kingdom, Netherlands, Italy, Romania, Bulgaria, Greece, Brazil, Australia, New Zealand, USSR, Germany, Poland, Japan, Mongolia, China, South Africa, Ethiopia",Australia,AUS,Polity
G3,Inter-state wars,World War II,"Inter-state war: Hungary, Belgium, France, Yugoslavia, Finland, Norway, Canada, United States of America, United Kingdom, Netherlands, Italy, Romania, Bulgaria, Greece, Brazil, Australia, New Zealand, USSR, Germany, Poland, Japan, Mongolia, China, South Africa, Ethiopia",Belgium,BEL,Both
G3,Inter-state wars,World War II,"Inter-state war: Hungary, Belgium, France, Yugoslavia, Finland, Norway, Canada, United States of America, United Kingdom, Netherlands, Italy, Romania, Bulgaria, Greece, Brazil, Australia, New Zealand, USSR, Germany, Poland, Japan, Mongolia, China, South Africa, Ethiopia",Brazil,BRA,Polity
G3,Inter-state wars,World War II,"Inter-state war: Hungary, Belgium, France, Yugoslavia, Finland, Norway, Canada, United States of America, United Kingdom, Netherlands, Italy, Romania, Bulgaria, Greece, Brazil, Australia, New Zealand, USSR, Germany, Poland, Japan, Mongolia, China, South Africa, Ethiopia",Bulgaria,BGR,Both
G3,Inter-state wars,World War II,"Inter-state war: Hungary, Belgium, France, Yugoslavia, Finland, Norway, Canada, United States of America, United Kingdom, Netherlands, Italy, Romania, Bulgaria, Greece, Brazil, Australia, New Zealand, USSR, Germany, Poland, Japan, Mongolia, China, South Africa, Ethiopia",Canada,CAN,Polity
G3,Inter-state wars,World War II,"Inter-state war: Hungary, Belgium, France, Yugoslavia, Finland, Norway, Canada, United States of America, United Kingdom, Netherlands, Italy, Romania, Bulgaria, Greece, Brazil, Australia, New Zealand, USSR, Germany, Poland, Japan, Mongolia, China, South Africa, Ethiopia",China,CHN,Both
G3,Inter-state wars,World War II,"Inter-state war: Hungary, Belgium, France, Yugoslavia, Finland, Norway, Canada, United States of America, United Kingdom, Netherlands, Italy, Romania, Bulgaria, Greece, Brazil, Australia, New Zealand, USSR, Germany, Poland, Japan, Mongolia, China, South Africa, Ethiopia",Ethiopia,ETH,Both
G3,Inter-state wars,World War II,"Inter-state war: Hungary, Belgium, France, Yugoslavia, Finland, Norway, Canada, United States of America, United Kingdom, Netherlands, Italy, Romania, Bulgaria, Greece, Brazil, Australia, New Zealand, USSR, Germany, Poland, Japan, Mongolia, China, South Africa, Ethiopia",Finland,FIN,Both
G3,Inter-state wars,World War II,"Inter-state war: Hungary, Belgium, France, Yugoslavia, Finland, Norway, Canada, United States of America, United Kingdom, Netherlands, Italy, Romania, Bulgaria, Greece, Brazil, Australia, New Zealand, USSR, Germany, Poland, Japan, Mongolia, China, South Africa, Ethiopia",France,FRA,Both
G3,Inter-state wars,World War II,"Inter-state war: Hungary, Belgium, France, Yugoslavia, Finland, Norway, Canada, United States of America, United Kingdom, Netherlands, Italy, Romania, Bulgaria, Greece, Brazil, Australia, New Zealand, USSR, Germany, Poland, Japan, Mongolia, China, South Africa, Ethiopia",Germany,DEU,Both
G3,Inter-state wars,World War II,"Inter-state war: Hungary, Belgium, France, Yugoslavia, Finland, Norway, Canada, United States of America, United Kingdom, Netherlands, Italy, Romania, Bulgaria, Greece, Brazil, Australia, New Zealand, USSR, Germany, Poland, Japan, Mongolia, China, South Africa, Ethiopia",Greece,GRC,Both
G3,Inter-state wars,World War II,"Inter-state war: Hungary, Belgium, France, Yugoslavia, Finland, Norway, Canada, United States of America, United Kingdom, Netherlands, Italy, Romania, Bulgaria, Greece, Brazil, Australia, New Zealand, USSR, Germany, Poland, Japan, Mongolia, China, South Africa, Ethiopia",Hungary,HUN,Both
G3,Inter-state wars,World War II,"Inter-state war: Hungary, Belgium, France, Yugoslavia, Finland, Norway, Canada, United States of America, United Kingdom, Netherlands, Italy, Romania, Bulgaria, Greece, Brazil, Australia, New Zealand, USSR, Germany, Poland, Japan, Mongolia, China, South Africa, Ethiopia",Italy,ITA,Both
G3,Inter-state wars,World War II,"Inter-state war: Hungary, Belgium, France, Yugoslavia, Finland, Norway, Canada, United States of America, United Kingdom, Netherlands, Italy, Romania, Bulgaria, Greece, Brazil, Australia, New Zealand, USSR, Germany, Poland, Japan, Mongolia, China, South Africa, Ethiopia",Japan,JPN,Both
G3,Inter-state wars,World War II,"Inter-state war: Hungary, Belgium, France, Yugoslavia, Finland, Norway, Canada, United States of America, United Kingdom, Netherlands, Italy, Romania, Bulgaria, Greece, Brazil, Australia, New Zealand, USSR, Germany, Poland, Japan, Mongolia, China, South Africa, Ethiopia",Mongolia,MNG,Both
G3,Inter-state wars,World War II,"Inter-state war: Hungary, Belgium, France, Yugoslavia, Finland, Norway, Canada, United States of America, United Kingdom, Netherlands, Italy, Romania, Bulgaria, Greece, Brazil, Australia, New Zealand, USSR, Germany, Poland, Japan, Mongolia, China, South Africa, Ethiopia","Netherlands, Kingdom of the",NLD,Both
G3,Inter-state wars,World War II,"Inter-state war: Hungary, Belgium, France, Yugoslavia, Finland, Norway, Canada, United States of America, United Kingdom, Netherlands, Italy, Romania, Bulgaria, Greece, Brazil, Australia, New Zealand, USSR, Germany, Poland, Japan, Mongolia, China, South Africa, Ethiopia",New Zealand,NZL,Polity
G3,Inter-state wars,World War II,"Inter-state war: Hungary, Belgium, France, Yugoslavia, Finland, Norway, Canada, United States of America, United Kingdom, Netherlands, Italy, Romania, Bulgaria, Greece, Brazil, Australia, New Zealand, USSR, Germany, Poland, Japan, Mongolia, China, South Africa, Ethiopia",Norway,NOR,Both
G3,Inter-state wars,World War II,"Inter-state war: Hungary, Belgium, France, Yugoslavia, Finland, Norway, Canada, United States of America, United Kingdom, Netherlands, Italy, Romania, Bulgaria, Greece, Brazil, Australia, New Zealand, USSR, Germany, Poland, Japan, Mongolia, China, South Africa, Ethiopia",Poland,POL,Both
G3,Inter-state wars,World War II,"Inter-state war: Hungary, Belgium, France, Yugoslavia, Finland, Norway, Canada, United States of America, United Kingdom, Netherlands, Italy, Romania, Bulgaria, Greece, Brazil, Australia, New Zealand, USSR, Germany, Poland, Japan, Mongolia, China, South Africa, Ethiopia",Romania,ROU,Both
G3,Inter-state wars,World War II,"Inter-state war: Hungary, Belgium, France, Yugoslavia, Finland, Norway, Canada, United States of America, United Kingdom, Netherlands, Italy, Romania, Bulgaria, Greece, Brazil, Australia, New Zealand, USSR, Germany, Poland, Japan, Mongolia, China, South Africa, Ethiopia",United Kingdom of Great Britain and Northern Ireland (the),GBR,Both
G3,Inter-state wars,World War II,"Inter-state war: Hungary, Belgium, France, Yugoslavia, Finland, Norway, Canada, United States of America, United Kingdom, Netherlands, Italy, Romania, Bulgaria, Greece, Brazil, Australia, New Zealand, USSR, Germany, Poland, Japan, Mongolia, China, South Africa, Ethiopia",United States of America (the),USA,Polity
G3,Inter-state wars,World War II,"Inter-state war: Hungary, Belgium, France, Yugoslavia, Finland, Norway, Canada, United States of America, United Kingdom, Netherlands, Italy, Romania, Bulgaria, Greece, Brazil, Australia, New Zealand, USSR, Germany, Poland, Japan, Mongolia, China, South Africa, Ethiopia",USSR,SUN,Both
G3,Inter-state wars,World War II,"Inter-state war: Hungary, Belgium, France, Yugoslavia, Finland, Norway, Canada, United States of America, United Kingdom, Netherlands, Italy, Romania, Bulgaria, Greece, Brazil, Australia, New Zealand, USSR, Germany, Poland, Japan, Mongolia, China, South Africa, Ethiopia",Yugoslavia,YUG,Both
G3,Inter-state wars,Yom Kippur War,"Inter-state war: Egypt, Saudi Arabia, Israel, Jordan, Syria, Iraq",Egypt,EGY,Both
G3,Inter-state wars,Yom Kippur War,"Inter-state war: Egypt, Saudi Arabia, Israel, Jordan, Syria, Iraq",Iraq,IRQ,Polity
G3,Inter-state wars,Yom Kippur War,"Inter-state war: Egypt, Saudi Arabia, Israel, Jordan, Syria, Iraq",Israel,ISR,Both
G3,Inter-state wars,Yom Kippur War,"Inter-state war: Egypt, Saudi Arabia, Israel, Jordan, Syria, Iraq",Jordan,JOR,Polity
G3,Inter-state wars,Yom Kippur War,"Inter-state war: Egypt, Saudi Arabia, Israel, Jordan, Syria, Iraq",Saudi Arabia,SAU,Polity
G3,Inter-state wars,Yom Kippur War,"Inter-state war: Egypt, Saudi Arabia, Israel, Jordan, Syria, Iraq",Syrian Arab Republic (the),SYR,Polity
