Category,cc,Category ID,,,,,,,,,,,,,,,,,,,,,,,,,,,,,,,,,,,,,,,,,,,,,,,,,,,,,,,,,,,,,,,,,,,,,,,,,,,,,,,,,,,,,,,,,,,,,,,,,,,,,,,,,,,,,,,,,,,,,,,,,,,,,,,,,,,,,,
Recessions - Africa Eastern and Southern,AFE,G17,Angola,Botswana,Burundi,Comoros,Democratic Republic of the Congo,Eritrea,Eswatini,Ethiopia,Kenya,Lesotho,Madagascar,Malawi,Mauritius,Mozambique,Namibia,Rwanda,Seychelles,Sao Tome & Principe,Somalia,South Africa,South Sudan,Sudan,Tanzania,Uganda,Zambia,Zimbabwe,,,,,,,,,,,,,,,,,,,,,,,,,,,,,,,,,,,,,,,,,,,,,,,,,,,,,,,,,,,,,,,,,,,,,,,,,,,,,,,,,,,,,,,,,,,,,,,,,,,,,,,,,,,,
Recessions - Africa Western and Central,AFW,G18,Benin,Burkina Faso,Cabo Verde,Chad,Cameroon,Central African Republic,Cote d'Ivoire,Equitorial Guinea,Gabon,Gambia,Ghana,Guinea,Guinea-Bissau,Liberia,Mali,Mauritania,Niger,Nigeria,Republic of Congo,Senegal,Sierra Leone,Togo,,,,,,,,,,,,,,,,,,,,,,,,,,,,,,,,,,,,,,,,,,,,,,,,,,,,,,,,,,,,,,,,,,,,,,,,,,,,,,,,,,,,,,,,,,,,,,,,,,,,,,,,,,,,,,,,
Recessions - Arab World,ARB,G19,Algeria,Bahrain,Comoros,Djibouti,Egypt,Iraq,Jordan,Kuwait,Lebanon,Libya,Mauritania,Morocco,Oman,Qatar,Saudi Arabia,Somalia,Sudan,Syria,Tunisia,United Arab Emirates,Yemen,Palestine,,,,,,,,,,,,,,,,,,,,,,,,,,,,,,,,,,,,,,,,,,,,,,,,,,,,,,,,,,,,,,,,,,,,,,,,,,,,,,,,,,,,,,,,,,,,,,,,,,,,,,,,,,,,,,,,
Recessions - Central Europe and the Baltics,CEB,G20,Bulgaria,Croatia,Czech Republic,Estonia,Hungary,Latvia,Lithuania,Poland,Romania,Slovakia,Slovenia,,,,,,,,,,,,,,,,,,,,,,,,,,,,,,,,,,,,,,,,,,,,,,,,,,,,,,,,,,,,,,,,,,,,,,,,,,,,,,,,,,,,,,,,,,,,,,,,,,,,,,,,,,,,,,,,,,,,,,,,,,,
Recessions - Caribbean small states,CSS,G21,Antigua and Barbuda,Bahamas,Barbados,Belize,Dominica,Grenada,Guyana,Jamaica,St. Kitts and Nevis,St. Lucia,St. Vincent and the Grenadines,Suriname,Trinidad and Tobago,,,,,,,,,,,,,,,,,,,,,,,,,,,,,,,,,,,,,,,,,,,,,,,,,,,,,,,,,,,,,,,,,,,,,,,,,,,,,,,,,,,,,,,,,,,,,,,,,,,,,,,,,,,,,,,,,,,,,,,,,
Recessions - East Asia & Pacific (excluding high income),EAP,G22,Cambodia,China,Fiji,Indonesia,Kiribati,North Korea,Laos,Malaysia,Marshall Islands,Micronesia,Mongolia,Myanmar,Palau,Papua New Guinea,Philippines,Samoa,Solomon Islands,Thailand,Timor-Leste,Tonga,Vanuatu,Vietnam,,,,,,,,,,,,,,,,,,,,,,,,,,,,,,,,,,,,,,,,,,,,,,,,,,,,,,,,,,,,,,,,,,,,,,,,,,,,,,,,,,,,,,,,,,,,,,,,,,,,,,,,,,,,,,,,
Recessions - Early-demographic dividend,EAR,G23,Algeria,Argentina,Bahrain,Bangladesh,Belize,Bhutan,Bolivia,Botswana,Cabo Verde,Cambodia,Djibouti,Dominican Republic,Ecuador,"Egypt, Arab Rep.",El Salvador,Eswatini,Ethiopia,Gabon,Ghana,Grenada,Guatemala,Haiti,Honduras,India,Indonesia,"Iran, Islamic Rep.",Israel,Jordan,Kiribati,Lao PDR,Lesotho,Libya,Maldives,Mexico,"Micronesia, Fed. Sts.",Myanmar,Namibia,Nepal,Nicaragua,Pakistan,Panama,Papua New Guinea,Paraguay,Peru,Philippines,Rwanda,Samoa,Saudi Arabia,Solomon Islands,South Africa,Suriname,Syrian Arab Republic,Tajikistan,Tonga,Turkiye,Turkmenistan,Uzbekistan,Vanuatu,"Venezuela, RB",West Bank and Gaza,"Yemen, Rep.",Zimbabwe,,,,,,,,,,,,,,,,,,,,,,,,,,,,,,,,,,,,,,,,,,,,,,,,,,,,,,,,,,,,,,,,,,,,,,,,
Recessions - East Asia & Pacific,EAS,G24,American Samoa,Australia,Brunei,Cambodia,China,Fiji,French Polynesia,Guam,Hong Kong,Indonesia,Japan,Kiribati,North Korea,South Korea,Laos,Macao,Malaysia,Marshall Islands,Micronesia,Mongolia,Myanmar,Nauru,New Caledonia,New Zealand,Northern Mariana Islands,Palau,Papua New Guinea,Philippines,Samoa,Singapore,Solomon Islands,Thailand,Timor-Leste,Tonga,Tuvalu,Vanuatu,Vietnam,,,,,,,,,,,,,,,,,,,,,,,,,,,,,,,,,,,,,,,,,,,,,,,,,,,,,,,,,,,,,,,,,,,,,,,,,,,,,,,,,,,,,,,,,,,,,,,,,
Recessions - Europe & Central Asia (excluding high income),ECA,G25,Albania,Armenia,Azerbaijan,Belarus,Bosnia and Herzegovina,Bulgaria,Georgia,Kazakhstan,Kosovo,Kyrgyzstan,Moldova,Montenegro,North Macedonia,Russia,Serbia,Tajikistan,Turkmenistan,Ukraine,Uzbekistan,,,,,,,,,,,,,,,,,,,,,,,,,,,,,,,,,,,,,,,,,,,,,,,,,,,,,,,,,,,,,,,,,,,,,,,,,,,,,,,,,,,,,,,,,,,,,,,,,,,,,,,,,,,,,,,,,,,
Recessions - Europe & Central Asia,ECS,G26,Albania,Andorra,Armenia,Austria,Azerbaijan,Belarus,Belgium,Bosnia and Herzegovina,Bulgaria,Channel Islands,Croatia,Cyprus,Czech Republic,Denmark,Estonia,Faroe Islands,Finland,France,Geogria,Germany,Greece,Greenland,Hungary,Iceland,Ireland,Isle of Man,Italy,Kazakhstan,Kosovo,Kyrgyzstan,Latvia,Liechtenstein,Lithuania,Luxembourg,Moldova,Monaco,Montenegro,Netherlands,North Macedonia,Norway,Poland,Portugal,Romania,Russia,San Marino,Serbia,Slovakia,Slovenia,Spain,Sweden,Switzerland,Tajikistan,Turkey,Turkmenistan,Ukraine,UK,Uzbekistan,,,,,,,,,,,,,,,,,,,,,,,,,,,,,,,,,,,,,,,,,,,,,,,,,,,,,,,,,,,,,,,,,,,,,,,,,,,,,
Recessions - Euro area,EMU,G27,Austria,Belgium,Cyprus,Estonia,Finland,France,Germany,Greece,Ireland,Italy,Latvia,Lithuania,Luxembourg,Malta,Netherlands,Portugal,Slovakia,Slovenia,Spain,,,,,,,,,,,,,,,,,,,,,,,,,,,,,,,,,,,,,,,,,,,,,,,,,,,,,,,,,,,,,,,,,,,,,,,,,,,,,,,,,,,,,,,,,,,,,,,,,,,,,,,,,,,,,,,,,,,
Recessions - European Union,EUU,G28,Austria,Belgium,Bulgaria,Croatia,Cyprus,Czech Republic,Denmark,Estonia,Finland,France,Germany,Greece,Hungary,Ireland,Italy,Latvia,Lithuania,Luxembourg,Malta,Netherlands,Poland,Portugal,Romania,Slovakia,Slovenia,Spain,Sweden,,,,,,,,,,,,,,,,,,,,,,,,,,,,,,,,,,,,,,,,,,,,,,,,,,,,,,,,,,,,,,,,,,,,,,,,,,,,,,,,,,,,,,,,,,,,,,,,,,,,,,,,,,,
Recessions - Fragile and conflict affected situations,FCS,G29,Afghanistan,Burkina Faso,Burundi,Cameroon,Central African Republic,Chad,Comoros,Democratic Republic of Congo,Republic of Congo,Eritrea,Ethiopia,Guinea-Bissau,Haiti,Iraq,Kosovo,Lebanon,Libya,Mali,Marshall Islands,Micronesia,Mozambique,Myanmar,Niger,Nigeria,Papua New Guinea,Solomon Islands,Somalia,South Sudan,Sudan,Syria,Timor-Leste,Tuvalu,Ukraine,Venezuela,Palestine,Yemen,Zimbabwe,,,,,,,,,,,,,,,,,,,,,,,,,,,,,,,,,,,,,,,,,,,,,,,,,,,,,,,,,,,,,,,,,,,,,,,,,,,,,,,,,,,,,,,,,,,,,,,,,
Recessions - High income,HIC,G30,American Samoa,Andorra,Antigua and Barbuda,Aruba,Australia,Austria,Bahamas,Bahrain,Barbados,Belgium,Bermuda,British Virgin Islands,Brunei,Canada,Cayman Islands,Channel Islands,Chile,Croatia,Curacao,Cyprus,Czech Republic,Denmark,Estonia,Faroe Islands,Finland,France,French Polynesia,Germany,Greece,Greenland,Guam,Guyana,Hong Kong,Hungary,Iceland,Ireland,Isle of Man,Israel,Italy,Japan,South Korea,Kuwait,Latvia,Liechtenstein,Lithuania,Luxembourg,Macao,Malta,Monaco,Nauru,Netherlands,New Caledonia,New Zealand,Northern Mariana Islands,Norway,Oman,Panama,Poland,Portugal,Puerto Rico,Qatar,Romania,San Marino,Saudi Arabia,Seychelles,Singapore,Sint Maarten,Slovak Republic,Slovenia,Spain,St. Kitts and Nevis,St. Martin,Sweden,Switzerland,Trinidad and Tobago,Turks and Caicos,United Arab Emirates,UK,US,Uruguay,Virgin Islands,,,,,,,,,,,,,,,,,,,,,,,,,,,,,,,,,,,,,,,,,,,,,,,,,,,,,
Recessions - Heavily indebted poor countries (HIPC),HPC,G31,Afghanistan,Benin,Bolivia,Burkina Faso,Burundi,Cameroon,Central African Republic,Chad,Comoros,"Congo, Dem. Rep.","Congo, Rep.",Cote d'Ivoire,Eritrea,Ethiopia,"Gambia, The",Ghana,Guinea,Guinea-Bissau,Guyana,Haiti,Honduras,Liberia,Madagascar,Malawi,Mali,Mauritania,Mozambique,Nicaragua,Niger,Rwanda,Sao Tome and Principe,Senegal,Sierra Leone,Somalia,Sudan,Tanzania,Togo,Uganda,Zambia,,,,,,,,,,,,,,,,,,,,,,,,,,,,,,,,,,,,,,,,,,,,,,,,,,,,,,,,,,,,,,,,,,,,,,,,,,,,,,,,,,,,,,,,,,,,,,,
Recessions - IBRD only,IBD,G32,,,,,,,,,,,,,,,,,,,,,,,,,,,,,,,,,,,,,,,,,,,,,,,,,,,,,,,,,,,,,,,,,,,,,,,,,,,,,,,,,,,,,,,,,,,,,,,,,,,,,,,,,,,,,,,,,,,,,,,,,,,,,,,,,,,,,,
Recessions - IDA & IBRD total,IBT,G33,,,,,,,,,,,,,,,,,,,,,,,,,,,,,,,,,,,,,,,,,,,,,,,,,,,,,,,,,,,,,,,,,,,,,,,,,,,,,,,,,,,,,,,,,,,,,,,,,,,,,,,,,,,,,,,,,,,,,,,,,,,,,,,,,,,,,,
Recessions - IDA total,IDA,G34,,,,,,,,,,,,,,,,,,,,,,,,,,,,,,,,,,,,,,,,,,,,,,,,,,,,,,,,,,,,,,,,,,,,,,,,,,,,,,,,,,,,,,,,,,,,,,,,,,,,,,,,,,,,,,,,,,,,,,,,,,,,,,,,,,,,,,
Recessions - IDA blend,IDB,G35,,,,,,,,,,,,,,,,,,,,,,,,,,,,,,,,,,,,,,,,,,,,,,,,,,,,,,,,,,,,,,,,,,,,,,,,,,,,,,,,,,,,,,,,,,,,,,,,,,,,,,,,,,,,,,,,,,,,,,,,,,,,,,,,,,,,,,
Recessions - IDA only,IDX,G36,,,,,,,,,,,,,,,,,,,,,,,,,,,,,,,,,,,,,,,,,,,,,,,,,,,,,,,,,,,,,,,,,,,,,,,,,,,,,,,,,,,,,,,,,,,,,,,,,,,,,,,,,,,,,,,,,,,,,,,,,,,,,,,,,,,,,,
Recessions - Latin America & Caribbean (excluding high income),LAC,G37,Argentina,Belize,Bolivia,Brazil,Colombia,Costa Rica,Cuba,Dominica,Dominican Republic,Ecuador,El Salvador,Grenada,Guatemala,Haiti,Honduras,Jamaica,Mexico,Nicaragua,Paraguay,Peru,St. Lucia,St. Vincent and the Grenadines,Suriname,,,,,,,,,,,,,,,,,,,,,,,,,,,,,,,,,,,,,,,,,,,,,,,,,,,,,,,,,,,,,,,,,,,,,,,,,,,,,,,,,,,,,,,,,,,,,,,,,,,,,,,,,,,,,,,
Recessions - Latin America & Caribbean,LCN,G38,Antigua and Barbuda,Argentina,Aruba,"Bahamas, The",Barbados,Belize,Bolivia,Brazil,British Virgin Islands,Cayman Islands,Chile,Colombia,Costa Rica,Cuba,Curacao,Dominica,Dominican Republic,Ecuador,El Salvador,Grenada,Guatemala,Guyana,Haiti,Honduras,Jamaica,Mexico,Nicaragua,Panama,Paraguay,Peru,Puerto Rico,Sint Maarten (Dutch part),St. Kitts and Nevis,St. Lucia,St. Martin (French part),St. Vincent and the Grenadines,Suriname,Trinidad and Tobago,Turks and Caicos Islands,Uruguay,"Venezuela, RB",Virgin Islands (U.S.),,,,,,,,,,,,,,,,,,,,,,,,,,,,,,,,,,,,,,,,,,,,,,,,,,,,,,,,,,,,,,,,,,,,,,,,,,,,,,,,,,,,,,,,,,,,
Recessions - Least developed countries: UN classification,LDC,G39,Afghanistan,Angola,Bangladesh,Benin,Bhutan,Burkina Faso,Burundi,Cambodia,Central African Republic,Chad,Comoros,"Congo, Dem. Rep.",Djibouti,Eritrea,Ethiopia,"Gambia, The",Guinea,Guinea-Bissau,Haiti,Kiribati,Lao PDR,Lesotho,Liberia,Madagascar,Malawi,Mali,Mauritania,Mozambique,Myanmar,Nepal,Niger,Rwanda,Sao Tome and Principe,Senegal,Sierra Leone,Solomon Islands,Somalia,South Sudan,Sudan,Tanzania,Timor-Leste,Togo,Tuvalu,Uganda,"Yemen, Rep.",Zambia,,,,,,,,,,,,,,,,,,,,,,,,,,,,,,,,,,,,,,,,,,,,,,,,,,,,,,,,,,,,,,,,,,,,,,,,,,,,,,,,,,,,,,,,
Recessions - Low income,LIC,G40,Afghanistan,Burkina Faso,Burundi,Central African Republic,Chad,"Congo, Dem. Rep.",Eritrea,Ethiopia,"Gambia, The",Guinea-Bissau,"Korea, Dem. People's Rep.",Liberia,Madagascar,Malawi,Mali,Mozambique,Niger,Rwanda,Sierra Leone,Somalia,South Sudan,Sudan,Syrian Arab Republic,Togo,Uganda,"Yemen, Rep.",,,,,,,,,,,,,,,,,,,,,,,,,,,,,,,,,,,,,,,,,,,,,,,,,,,,,,,,,,,,,,,,,,,,,,,,,,,,,,,,,,,,,,,,,,,,,,,,,,,,,,,,,,,,
Recessions - Lower middle income,LMC,G41,Algeria,Angola,Bangladesh,Benin,Bhutan,Bolivia,Cabo Verde,Cambodia,Cameroon,Comoros,"Congo, Rep.",Cote d'Ivoire,Djibouti,"Egypt, Arab Rep.",Eswatini,Ghana,Guinea,Haiti,Honduras,India,"Iran, Islamic Rep.",Jordan,Kenya,Kiribati,Kyrgyz Republic,Lao PDR,Lebanon,Lesotho,Mauritania,"Micronesia, Fed. Sts.",Mongolia,Morocco,Myanmar,Nepal,Nicaragua,Nigeria,Pakistan,Papua New Guinea,Philippines,Samoa,Sao Tome and Principe,Senegal,Solomon Islands,Sri Lanka,Tajikistan,Tanzania,Timor-Leste,Tunisia,Ukraine,Uzbekistan,Vanuatu,Vietnam,Zambia,Zimbabwe,,,,,,,,,,,,,,,,,,,,,,,,,,,,,,,,,,,,,,,,,,,,,,,,,,,,,,,,,,,,,,,,,,,,,,,,,,,,,,,,
Recessions - Low & middle income,LMY,G42,Afghanistan,Albania,Algeria,Angola,Argentina,Armenia,Azerbaijan,Bangladesh,Belarus,Belize,Benin,Bhutan,Bolivia,Bosnia and Herzegovina,Botswana,Brazil,Bulgaria,Burkina Faso,Burundi,Cabo Verde,Cambodia,Cameroon,Central African Republic,Chad,China,Colombia,Comoros,"Congo, Dem. Rep.","Congo, Rep.",Costa Rica,Cote d'Ivoire,Cuba,Djibouti,Dominica,Dominican Republic,Ecuador,"Egypt, Arab Rep.",El Salvador,Equatorial Guinea,Eritrea,Eswatini,Ethiopia,Fiji,Gabon,"Gambia, The",Georgia,Ghana,Grenada,Guatemala,Guinea,Guinea-Bissau,Haiti,Honduras,India,Indonesia,"Iran, Islamic Rep.",Iraq,Jamaica,Jordan,Kazakhstan,Kenya,Kiribati,"Korea, Dem. People's Rep.",Kosovo,Kyrgyz Republic,Lao PDR,Lebanon,Lesotho,Liberia,Libya,Madagascar,Malawi,Malaysia,Maldives,Mali,Marshall Islands,Mauritania,Mauritius,Mexico,"Micronesia, Fed. Sts.",Moldova,Mongolia,Montenegro,Morocco,Mozambique,Myanmar,Namibia,Nepal,Nicaragua,Niger,Nigeria,North Macedonia,Pakistan,Palau,Papua New Guinea,Paraguay,Peru,Philippines,Russian Federation,Rwanda,Samoa,Sao Tome and Principe,Senegal,Serbia,Sierra Leone,Solomon Islands,Somalia,South Africa,South Sudan,Sri Lanka,St. Lucia,St. Vincent and the Grenadines,Sudan,Suriname,Syrian Arab Republic,Tajikistan,Tanzania,Thailand,Timor-Leste,Togo,Tonga,Tunisia,Turkiye,Turkmenistan,Tuvalu,Uganda,Ukraine,Uzbekistan,Vanuatu,Vietnam,West Bank and Gaza,"Yemen, Rep.",Zambia,Zimbabwe
Recessions - Late-demographic dividend,LTE,G43,Albania,Armenia,Aruba,Azerbaijan,"Bahamas, The",Brazil,Brunei Darussalam,Chile,China,Colombia,Costa Rica,Cyprus,Estonia,Fiji,French Polynesia,Georgia,Guam,Guyana,Iceland,Ireland,Jamaica,Kazakhstan,"Korea, Dem. People's Rep.",Kuwait,Kyrgyz Republic,Latvia,Lebanon,Malaysia,Mauritius,Moldova,Mongolia,Montenegro,Morocco,New Caledonia,North Macedonia,Oman,Poland,Puerto Rico,Qatar,Romania,Russian Federation,Serbia,Seychelles,Slovak Republic,Sri Lanka,St. Lucia,St. Vincent and the Grenadines,Thailand,Trinidad and Tobago,Tunisia,United Arab Emirates,Uruguay,Vietnam,Virgin Islands (U.S.),,,,,,,,,,,,,,,,,,,,,,,,,,,,,,,,,,,,,,,,,,,,,,,,,,,,,,,,,,,,,,,,,,,,,,,,,,,,,,,,
Recessions - Middle East & North Africa,MEA,G44,Algeria,Bahrain,Djibouti,"Egypt, Arab Rep.","Iran, Islamic Rep.",Iraq,Israel,Jordan,Kuwait,Lebanon,Libya,Malta,Morocco,Oman,Qatar,Saudi Arabia,Syrian Arab Republic,Tunisia,United Arab Emirates,West Bank and Gaza,"Yemen, Rep.",,,,,,,,,,,,,,,,,,,,,,,,,,,,,,,,,,,,,,,,,,,,,,,,,,,,,,,,,,,,,,,,,,,,,,,,,,,,,,,,,,,,,,,,,,,,,,,,,,,,,,,,,,,,,,,,,
Recessions - Middle income,MIC,G45,Albania,Algeria,Angola,Argentina,Armenia,Azerbaijan,Bangladesh,Belarus,Belize,Benin,Bhutan,Bolivia,Bosnia and Herzegovina,Botswana,Brazil,Bulgaria,Cabo Verde,Cambodia,Cameroon,China,Colombia,Comoros,"Congo, Rep.",Costa Rica,Cote d'Ivoire,Cuba,Djibouti,Dominica,Dominican Republic,Ecuador,"Egypt, Arab Rep.",El Salvador,Equatorial Guinea,Eswatini,Fiji,Gabon,Georgia,Ghana,Grenada,Guatemala,Guinea,Haiti,Honduras,India,Indonesia,"Iran, Islamic Rep.",Iraq,Jamaica,Jordan,Kazakhstan,Kenya,Kiribati,Kosovo,Kyrgyz Republic,Lao PDR,Lebanon,Lesotho,Libya,Malaysia,Maldives,Marshall Islands,Mauritania,Mauritius,Mexico,"Micronesia, Fed. Sts.",Moldova,Mongolia,Montenegro,Morocco,Myanmar,Namibia,Nepal,Nicaragua,Nigeria,North Macedonia,Pakistan,Palau,Papua New Guinea,Paraguay,Peru,Philippines,Russian Federation,Samoa,Sao Tome and Principe,Senegal,Serbia,Solomon Islands,South Africa,Sri Lanka,St. Lucia,St. Vincent and the Grenadines,Suriname,Tajikistan,Tanzania,Thailand,Timor-Leste,Tonga,Tunisia,Turkiye,Turkmenistan,Tuvalu,Ukraine,Uzbekistan,Vanuatu,Vietnam,West Bank and Gaza,Zambia,Zimbabwe,,,,,,,,,,,,,,,,,,,,,,,,,,
Recessions - Middle East & North Africa (excluding high income),MNA,G46,Algeria,Djibouti,"Egypt, Arab Rep.","Iran, Islamic Rep.",Iraq,Jordan,Lebanon,Libya,Morocco,Syrian Arab Republic,Tunisia,West Bank and Gaza,"Yemen, Rep.",,,,,,,,,,,,,,,,,,,,,,,,,,,,,,,,,,,,,,,,,,,,,,,,,,,,,,,,,,,,,,,,,,,,,,,,,,,,,,,,,,,,,,,,,,,,,,,,,,,,,,,,,,,,,,,,,,,,,,,,,
Recessions - North America,NAC,G47,United States,Canada,Bermuda,,,,,,,,,,,,,,,,,,,,,,,,,,,,,,,,,,,,,,,,,,,,,,,,,,,,,,,,,,,,,,,,,,,,,,,,,,,,,,,,,,,,,,,,,,,,,,,,,,,,,,,,,,,,,,,,,,,,,,,,,,,,,,,,,,,
Recessions - OECD members,OED,G48,Australia,Austria,Belgium,Canada,Chile,Colombia,Costa Rica,Czechia,Denmark,Estonia,Finland,France,Germany,Greece,Hungary,Iceland,Ireland,Israel,Italy,Japan,"Korea, Rep.",Latvia,Lithuania,Luxembourg,Mexico,Netherlands,New Zealand,Norway,Poland,Portugal,Slovak Republic,Slovenia,Spain,Sweden,Switzerland,Turkiye,United Kingdom,United States,,,,,,,,,,,,,,,,,,,,,,,,,,,,,,,,,,,,,,,,,,,,,,,,,,,,,,,,,,,,,,,,,,,,,,,,,,,,,,,,,,,,,,,,,,,,,,,,
Recessions - Other small states,OSS,G49,Bahrain,Bhutan,Botswana,Brunei Darussalam,Cabo Verde,Comoros,Cyprus,Djibouti,Equatorial Guinea,Estonia,Eswatini,Gabon,"Gambia, The",Guinea-Bissau,Iceland,Lesotho,Maldives,Malta,Mauritius,Montenegro,Namibia,Qatar,San Marino,Sao Tome and Principe,Seychelles,Timor-Leste,,,,,,,,,,,,,,,,,,,,,,,,,,,,,,,,,,,,,,,,,,,,,,,,,,,,,,,,,,,,,,,,,,,,,,,,,,,,,,,,,,,,,,,,,,,,,,,,,,,,,,,,,,,,
Recessions - Pre-demographic dividend,PRE,G50,Afghanistan,Angola,Benin,Burkina Faso,Burundi,Cameroon,Central African Republic,Chad,Comoros,"Congo, Dem. Rep.","Congo, Rep.",Cote d'Ivoire,Equatorial Guinea,Eritrea,"Gambia, The",Guinea,Guinea-Bissau,Iraq,Kenya,Liberia,Madagascar,Malawi,Mali,Mauritania,Mozambique,Niger,Nigeria,Senegal,Sierra Leone,Somalia,South Sudan,Sudan,Tanzania,Timor-Leste,Togo,Uganda,Zambia,,,,,,,,,,,,,,,,,,,,,,,,,,,,,,,,,,,,,,,,,,,,,,,,,,,,,,,,,,,,,,,,,,,,,,,,,,,,,,,,,,,,,,,,,,,,,,,,,
Recessions - Pacific island small states,PSS,G51,Fiji,Kiribati,Marshall Islands,"Micronesia, Fed. Sts.",Nauru,Palau,Samoa,Solomon Islands,Tonga,Tuvalu,Vanuatu,,,,,,,,,,,,,,,,,,,,,,,,,,,,,,,,,,,,,,,,,,,,,,,,,,,,,,,,,,,,,,,,,,,,,,,,,,,,,,,,,,,,,,,,,,,,,,,,,,,,,,,,,,,,,,,,,,,,,,,,,,,
Recessions - Post-demographic dividend,PST,G52,Antigua and Barbuda,Australia,Austria,Barbados,Belarus,Belgium,Bosnia and Herzegovina,Bulgaria,Canada,Croatia,Cuba,Czechia,Denmark,Finland,France,Germany,Greece,"Hong Kong SAR, China",Hungary,Italy,Japan,"Korea, Rep.",Lithuania,Luxembourg,"Macao SAR, China",Malta,Netherlands,New Zealand,Norway,Portugal,Singapore,Slovenia,Spain,Sweden,Switzerland,Ukraine,United Kingdom,United States,,,,,,,,,,,,,,,,,,,,,,,,,,,,,,,,,,,,,,,,,,,,,,,,,,,,,,,,,,,,,,,,,,,,,,,,,,,,,,,,,,,,,,,,,,,,,,,,
Recessions - South Asia,SAS,G53,Afghanistan,Bangladesh,Bhutan,India,Maldives,Nepal,Pakistan,Sri Lanka,,,,,,,,,,,,,,,,,,,,,,,,,,,,,,,,,,,,,,,,,,,,,,,,,,,,,,,,,,,,,,,,,,,,,,,,,,,,,,,,,,,,,,,,,,,,,,,,,,,,,,,,,,,,,,,,,,,,,,,,,,,,,,
Recessions - Sub-Saharan Africa (excluding high income),SSA,G54,Angola,Benin,Botswana,Burkina Faso,Burundi,Cabo Verde,Cameroon,Central African Republic,Chad,Comoros,"Congo, Dem. Rep.","Congo, Rep.",Cote d'Ivoire,Equatorial Guinea,Eritrea,Eswatini,Ethiopia,Gabon,"Gambia, The",Ghana,Guinea,Guinea-Bissau,Kenya,Lesotho,Liberia,Madagascar,Malawi,Mali,Mauritania,Mauritius,Mozambique,Namibia,Niger,Nigeria,Rwanda,Sao Tome and Principe,Senegal,Sierra Leone,Somalia,South Africa,South Sudan,Sudan,Tanzania,Togo,Uganda,Zambia,Zimbabwe,,,,,,,,,,,,,,,,,,,,,,,,,,,,,,,,,,,,,,,,,,,,,,,,,,,,,,,,,,,,,,,,,,,,,,,,,,,,,,,,,,,,,,,
Recessions - Sub-Saharan Africa,SSF,G55,Angola,Benin,Botswana,Burkina Faso,Burundi,Cabo Verde,Cameroon,Central African Republic,Chad,Comoros,"Congo, Dem. Rep.","Congo, Rep.",Cote d'Ivoire,Equatorial Guinea,Eritrea,Eswatini,Ethiopia,Gabon,"Gambia, The",Ghana,Guinea,Guinea-Bissau,Kenya,Lesotho,Liberia,Madagascar,Malawi,Mali,Mauritania,Mauritius,Mozambique,Namibia,Niger,Nigeria,Rwanda,Sao Tome and Principe,Senegal,Seychelles,Sierra Leone,Somalia,South Africa,South Sudan,Sudan,Tanzania,Togo,Uganda,Zambia,Zimbabwe,,,,,,,,,,,,,,,,,,,,,,,,,,,,,,,,,,,,,,,,,,,,,,,,,,,,,,,,,,,,,,,,,,,,,,,,,,,,,,,,,,,,,,
Recessions - Small states,SST,G56,Antigua and Barbuda,"Bahamas, The",Bahrain,Barbados,Belize,Bhutan,Botswana,Brunei Darussalam,Cabo Verde,Comoros,Cyprus,Djibouti,Dominica,Equatorial Guinea,Estonia,Eswatini,Fiji,Gabon,"Gambia, The",Grenada,Guinea-Bissau,Guyana,Iceland,Jamaica,Kiribati,Lesotho,Maldives,Malta,Marshall Islands,Mauritius,"Micronesia, Fed. Sts.",Montenegro,Namibia,Nauru,Palau,Qatar,Samoa,San Marino,Sao Tome and Principe,Seychelles,Solomon Islands,St. Kitts and Nevis,St. Lucia,St. Vincent and the Grenadines,Suriname,Timor-Leste,Tonga,Trinidad and Tobago,Tuvalu,Vanuatu,,,,,,,,,,,,,,,,,,,,,,,,,,,,,,,,,,,,,,,,,,,,,,,,,,,,,,,,,,,,,,,,,,,,,,,,,,,,,,,,,,,,
Recessions - East Asia & Pacific (IDA & IBRD countries),TEA,G57,,,,,,,,,,,,,,,,,,,,,,,,,,,,,,,,,,,,,,,,,,,,,,,,,,,,,,,,,,,,,,,,,,,,,,,,,,,,,,,,,,,,,,,,,,,,,,,,,,,,,,,,,,,,,,,,,,,,,,,,,,,,,,,,,,,,,,
Recessions - Europe & Central Asia (IDA & IBRD countries),TEC,G58,,,,,,,,,,,,,,,,,,,,,,,,,,,,,,,,,,,,,,,,,,,,,,,,,,,,,,,,,,,,,,,,,,,,,,,,,,,,,,,,,,,,,,,,,,,,,,,,,,,,,,,,,,,,,,,,,,,,,,,,,,,,,,,,,,,,,,
Recessions - Latin America & the Caribbean (IDA & IBRD countries),TLA,G59,,,,,,,,,,,,,,,,,,,,,,,,,,,,,,,,,,,,,,,,,,,,,,,,,,,,,,,,,,,,,,,,,,,,,,,,,,,,,,,,,,,,,,,,,,,,,,,,,,,,,,,,,,,,,,,,,,,,,,,,,,,,,,,,,,,,,,
Recessions - Middle East & North Africa (IDA & IBRD countries),TMN,G60,,,,,,,,,,,,,,,,,,,,,,,,,,,,,,,,,,,,,,,,,,,,,,,,,,,,,,,,,,,,,,,,,,,,,,,,,,,,,,,,,,,,,,,,,,,,,,,,,,,,,,,,,,,,,,,,,,,,,,,,,,,,,,,,,,,,,,
Recessions - South Asia (IDA & IBRD),TSA,G61,,,,,,,,,,,,,,,,,,,,,,,,,,,,,,,,,,,,,,,,,,,,,,,,,,,,,,,,,,,,,,,,,,,,,,,,,,,,,,,,,,,,,,,,,,,,,,,,,,,,,,,,,,,,,,,,,,,,,,,,,,,,,,,,,,,,,,
Recessions - Sub-Saharan Africa (IDA & IBRD countries),TSS,G62,,,,,,,,,,,,,,,,,,,,,,,,,,,,,,,,,,,,,,,,,,,,,,,,,,,,,,,,,,,,,,,,,,,,,,,,,,,,,,,,,,,,,,,,,,,,,,,,,,,,,,,,,,,,,,,,,,,,,,,,,,,,,,,,,,,,,,
Recessions - Upper middle income,UMC,G63,Albania,Argentina,Armenia,Azerbaijan,Belarus,Belize,Bosnia and Herzegovina,Botswana,Brazil,Bulgaria,China,Colombia,Costa Rica,Cuba,Dominica,Dominican Republic,Ecuador,El Salvador,Equatorial Guinea,Fiji,Gabon,Georgia,Grenada,Guatemala,Indonesia,Iraq,Jamaica,Kazakhstan,Kosovo,Libya,Malaysia,Maldives,Marshall Islands,Mauritius,Mexico,Moldova,Montenegro,Namibia,North Macedonia,Palau,Paraguay,Peru,Russian Federation,Serbia,South Africa,St. Lucia,St. Vincent and the Grenadines,Suriname,Thailand,Tonga,Turkiye,Turkmenistan,Tuvalu,West Bank and Gaza,,,,,,,,,,,,,,,,,,,,,,,,,,,,,,,,,,,,,,,,,,,,,,,,,,,,,,,,,,,,,,,,,,,,,,,,,,,,,,,,
