Category ID,Category,Event,Event description,CountryCodes,,,,,,,,,
G65,Intra-state (civil) wars,Spainish Liberals War of 1868,Civil war - for central control: Spain vs. Liberals,Spain,,,,,,,,,
G65,Intra-state (civil) wars,Cabanada War of 1832-1835,Civil war - for central control: Brazil vs. Pernambuco Cabanos,Brazil,,,,,,,,,
G65,Intra-state (civil) wars,Third Colombian War of 1860-1862,Civil war - for central control: Colombia vs. Liberals,Colombia,,,,,,,,,
G65,Intra-state (civil) wars,Kanto Insurrection of 1864-1865,Civil war - for central control: Japan vs. Mito Rebels,Japan,,,,,,,,,
G65,Intra-state (civil) wars,Venezuela's Legalist Revolution of 1892,Civil war - for central control: Venezuela vs. Legalists,Venezuela,,,,,,,,,
G65,Intra-state (civil) wars,Romanian Peasant Revolt of 1907,Civil war - for central control: Rumania vs. Peasants,Rumania,,,,,,,,,
G65,Intra-state (civil) wars,Miguelite War of 1832-1834,"Civil war - for central control: Portugal vs. United Kingdom, Constitutionalists",Portugal,United Kingdom,,,,,,,,
G65,Intra-state (civil) wars,Third Buenos Aires War of 1861-1862,Civil war - for central control: Argentina vs. Buenos Aires,Argentina,,,,,,,,,
G65,Intra-state (civil) wars,Spanish Royalists War of 1821-1823,Civil war - for central control: Spain vs. Royalists,Spain,,,,,,,,,
G65,Intra-state (civil) wars,Constitutionalist Rebellion of 1865-1866,Civil war - for central control: Bolivia vs. Constitutionalists,Bolivia,,,,,,,,,
G65,Intra-state (civil) wars,First Afghan Anti-Reform War of 1924-1925,Civil war - for central control: Afghanistan vs. Khost Rebels,Afghanistan,,,,,,,,,
G65,Intra-state (civil) wars,Chilean Coup of 1973,Civil war - for central control: Chile vs. Military Rebels,Chile,,,,,,,,,
G65,Intra-state (civil) wars,Campos Mutiny of 1890,Civil war - for central control: Argentina vs. Campos-led Rebels,Argentina,,,,,,,,,
G65,Intra-state (civil) wars,Third Argentina War of 1866-1867,Civil war - for central control: Argentina vs. Monteneros,Argentina,,,,,,,,,
G65,Intra-state (civil) wars,First French Insurrection of 1830,Civil war - for central control: France vs. Liberals,France,,,,,,,,,
G65,Intra-state (civil) wars,War of  Ecuadorian Generals of 1912,Civil war - for central control: Ecuador vs. Alfaristas,Ecuador,,,,,,,,,
G65,Intra-state (civil) wars,Satsuma Rebellion of 1877,Civil war - for central control: Japan vs. Satsumas,Japan,,,,,,,,,
G65,Intra-state (civil) wars,Anti-Nimeiry Revolt of 1976,Civil war - for central control: Sudan vs. National Front,Sudan,,,,,,,,,
G65,Intra-state (civil) wars,Ecuadorian Conservative Revolt of 1896,Civil war - for central control: Ecuador vs. Conservatives,Ecuador,,,,,,,,,
G65,Intra-state (civil) wars,Patuleia War of 1846-1847,"Civil war - for central control: Spain, Portugal vs. Septembrists",Spain,Portugal,,,,,,,,
G65,Intra-state (civil) wars,Sixth Colombian War of 1895,Civil war - for central control: Colombia vs. War Liberals,Colombia,,,,,,,,,
G65,Intra-state (civil) wars,Peruvian Liberal Revolution of 1853-1855,Civil war - for central control: Peru vs. Liberals,Peru,,,,,,,,,
G65,Intra-state (civil) wars,Brazil Naval War of 1893-1894,Civil war - for central control: Brazil vs. Naval Royalists,Brazil,,,,,,,,,
G65,Intra-state (civil) wars,First Venezuela War of 1848-1849,Civil war - for central control: Venezuela vs. Paez-led Rebels,Venezuela,,,,,,,,,
G65,Intra-state (civil) wars,Chad - FAP War of 1977-1978,"Civil war - for central control: France, Chad vs. Libya, FAP",France,Chad,Libya,,,,,,,
G65,Intra-state (civil) wars,Barquisimeto Rebellion of 1854,Civil war - for central control: Venezuela vs. Rodriguez-led Rebels,Venezuela,,,,,,,,,
G65,Intra-state (civil) wars,Zacatecas Rebellion of 1835,Civil war - for central control: Mexico vs. Zacatecas Militia,Mexico,,,,,,,,,
G65,Intra-state (civil) wars,Second Peru War of 1856-1858,Civil war - for central control: Peru vs. Conservatives,Peru,,,,,,,,,
G65,Intra-state (civil) wars,Russian Civil War of 1917-1920,"Civil war - for central control: Russia vs. Finland, Japan, United Kingdom, United States of America, France, Anti-Bolsheviks",Russia,Finland,Japan,United Kingdom,United States of America,France,,,,
G65,Intra-state (civil) wars,Meiji Restoration of 1868-1869,Civil war - for central control: Japan vs. Tokugawa Bafuku,Japan,,,,,,,,,
G65,Intra-state (civil) wars,First Zhili-Fengtien War of 1922,Civil war - for central control: China vs. Zhili Faction,China,,,,,,,,,
G65,Intra-state (civil) wars,Bloody Sunday War of 1905-1906,Civil war - for central control: Russia vs. Workers and Peasants,Russia,,,,,,,,,
G65,Intra-state (civil) wars,Venezuelan Federal War of 1859-1863,Civil war - for central control: Venezuela vs. Liberals,Venezuela,,,,,,,,,
G65,Intra-state (civil) wars,Tampico Revolt of 1838-1839,Civil war - for central control: Mexico vs. Federalists,Mexico,,,,,,,,,
G65,Intra-state (civil) wars,Ecuador's Veintemilla Revolt of 1876,Civil war - for central control: Ecuador vs. Liberals,Ecuador,,,,,,,,,
G65,Intra-state (civil) wars,Taiping Rebellion phase 2 of 1860-1866,"Civil war - for central control: United Kingdom, China vs. Taipings",United Kingdom,China,,,,,,,,
G65,Intra-state (civil) wars,First Colombian War of 1840-1842,Civil war - for central control: Colombia vs. Progressives,Colombia,,,,,,,,,
G65,Intra-state (civil) wars,Bluefields Insurrection of 1909-1910,Civil war - for central control: Nicaragua vs. Estradistas,Nicaragua,,,,,,,,,
G65,Intra-state (civil) wars,Uganda-NRA War of 1982-1986,Civil war - for central control: Uganda vs. NRA,Uganda,,,,,,,,,
G65,Intra-state (civil) wars,Chinese Northern Expedition of 1926-1928,"Civil war - for central control: China, Japan vs. GMD and CCP",China,Japan,,,,,,,,
G65,Intra-state (civil) wars,Third Mexican War of 1910-1914,"Civil war - for central control: Mexico vs. United States, Liberals and Radicals",Mexico,United States,,,,,,,,
G65,Intra-state (civil) wars,Fifth Colombian War of 1884-1885,Civil war - for central control: Colombia vs. War Liberals,Colombia,,,,,,,,,
G65,Intra-state (civil) wars,Triangular Revolt of 1841,Civil war - for central control: Mexico vs. Military Rebels,Mexico,,,,,,,,,
G65,Intra-state (civil) wars,First Two Sicilies War of 1820-1821,"Civil war - for central control: Austria, Two Sicilies vs. Liberals",Austria,,,,,,,,,
G65,Intra-state (civil) wars,Bolivan Perez Rebellion of 1862,Civil war - for central control: Bolivia vs. Perez-led Rebels,Bolivia,,,,,,,,,
G65,Intra-state (civil) wars,Second Argentina War of 1863,Civil war - for central control: Argentina vs. Monteneros,Argentina,,,,,,,,,
G65,Intra-state (civil) wars,Ikhwan Revolt of 1929-1930,Civil war - for central control: Saudi Arabia vs. Ikhwan,Saudi,,,,,,,,,
G65,Intra-state (civil) wars,Central Plains War of 1929-1930,Civil war - for central control: China vs. Warlord Armies,China,,,,,,,,,
G65,Intra-state (civil) wars,Brazil Federalists War of 1893-1894,Civil war - for central control: Brazil vs. Rio Grande do Sul,Brazil,,,,,,,,,
G65,Intra-state (civil) wars,Second Two Sicilies War of 1848-1849,Civil war - for central control: Two Sicilies vs. Liberals,Italy,,,,,,,,,
G65,Intra-state (civil) wars,Chinese Civil War phase 1 of 1930-1936,Civil war - for central control: China vs. Chinese Workers,China,,,,,,,,,
G65,Intra-state (civil) wars,Janissari Revolt of 1826,Civil war - for central control: Ottoman Empire vs. Janissaries,Ottoman,,,,,,,,,
G65,Intra-state (civil) wars,Viennese Revolt of 1848,Civil war - for central control: Austria vs. Vienna Liberals,Austria,,,,,,,,,
G65,Intra-state (civil) wars,Ecuador Liberals War of 1895,Civil war - for central control: Ecuador vs. Liberals,Ecuador,,,,,,,,,
G65,Intra-state (civil) wars,Matanza War of 1932,Civil war - for central control: El Salvador vs. Leftists,El Salvador,,,,,,,,,
G65,Intra-state (civil) wars,Chad - Deby War of 1989-1990,Civil war - for central control: Chad vs. April 1 Movement,Chad,,,,,,,,,
G65,Intra-state (civil) wars,Venezualan Blue Revolution of 1867-1868,Civil war - for central control: Venezuela vs. Blue Coalition,Venezuela,,,,,,,,,
G65,Intra-state (civil) wars,Paulista Rebellion of 1932,Civil war - for central control: Brazil vs. Paulistas,Brazil,,,,,,,,,
G65,Intra-state (civil) wars,First Chilean War of 1851-1852,Civil war - for central control: Chile vs. Liberals,Chile,,,,,,,,,
G65,Intra-state (civil) wars,Fukien Revolt of 1933-1934,Civil war - for central control: China vs. 19th Route Army,China,,,,,,,,,
G65,Intra-state (civil) wars,Guerre des Cacos of 1868-1869,Civil war - for central control: Haiti vs. Cacos,Haiti,,,,,,,,,
G65,Intra-state (civil) wars,Venezuelan Yellow Revolution of 1869-1872,Civil war - for central control: Venezuela vs. Liberals,Venezuela,,,,,,,,,
G65,Intra-state (civil) wars,Fourth Venezuelan War of 1899,Civil war - for central control: Venezuela vs. Castro-led Rebels,Venezuela,,,,,,,,,
G65,Intra-state (civil) wars,KMT-CCP Clashes of 1939-1941,Civil war - for central control: China vs. CCP,China,,,,,,,,,
G65,Intra-state (civil) wars,Colombia's Barracks Rebellion of 1854,Civil war - for central control: Colombia vs. Constitutionalists,Colombia,,,,,,,,,
G65,Intra-state (civil) wars,Paris Commune War of 1871,Civil war - for central control: France vs. Paris Commune,France,,,,,,,,,
G65,Intra-state (civil) wars,Mujahideen Uprising of 1978-1980,"Civil war - for central control: Russia, Afghanistan vs. Mujahideen",Russia,Afghanistan,,,,,,,,
G65,Intra-state (civil) wars,Puebla War of 1855-1856,Civil war - for central control: Mexico vs. Conservative Military,Mexico,,,,,,,,,
G65,Intra-state (civil) wars,Mexican Reform of 1858-1861,Civil war - for central control: Mexico vs. Liberals,Mexico,,,,,,,,,
G65,Intra-state (civil) wars,First Uruguay War of 1904,Civil war - for central control: Uruguay vs. Blancos,Uruguay,,,,,,,,,
G65,Intra-state (civil) wars,Mitre Rebellion of 1874,Civil war - for central control: Argentina vs. Mitre-led Rebels,Argentina,,,,,,,,,
G65,Intra-state (civil) wars,Constituent Revolution  of 1859,Civil war - for central control: Chile vs. Constituents,Chile,,,,,,,,,
G65,Intra-state (civil) wars,Diaz Revolt of 1876,Civil war - for central control: Mexico vs. Tuxtepecanos,Mexico,,,,,,,,,
G65,Intra-state (civil) wars,Honduran Conservative War of 1924,Civil war - for central control: Honduras vs. Conservatives,Honduras,,,,,,,,,
G65,Intra-state (civil) wars,Mozambique War of 1981-1992,"Civil war - for central control: Cuba, Tanzania, Mozambique, Zimbabwe, Malawi vs. RENAMO",Cuba,Tanzania,Mozambique,Zimbabwe,Malawi,,,,,
G65,Intra-state (civil) wars,Sanaa Revolt of 1948,Civil war - for central control: Yemen vs. Pro-Ahmad Forces,Yemen,,,,,,,,,
G65,Intra-state (civil) wars,Young Turks Counter-Coup of 1909,Civil war - for central control: Ottoman Empire vs. Constitutionalists,Ottoman Empire,,,,,,,,,
G65,Intra-state (civil) wars,Contra War of 1982-1988,Civil war - for central control: Nicaragua vs. Contras,Nicaragua,,,,,,,,,
G65,Intra-state (civil) wars,Revindication War of 1879,Civil war - for central control: Venezuela vs. Revindacadores,Venezuela,,,,,,,,,
G65,Intra-state (civil) wars,Telengana Rebellion of 1948-1950,Civil war - for central control: India vs. Hyderabad Communists,India,,,,,,,,,
G65,Intra-state (civil) wars,Cristeros Revolt of 1926-1929,Civil war - for central control: Mexico vs. Cristeros,Mexico,,,,,,,,,
G65,Intra-state (civil) wars,Second South Sudan War of 1983-2002,"Civil war - for central control: Libya, Sudan vs. Uganda, SPLA-Garang faction",Libya,Sudan,Uganda,,,,,,,
G65,Intra-state (civil) wars,Indonesia Darul Islam Rebellion of 1951-1962,Civil war - for central control: Indonesia vs. Darul Islam,Indonesia,Indonesia,,,,,,,,
G65,Intra-state (civil) wars,Thai Communist Insurgency of 1972-1973,Civil war - for central control: Thailand vs. People's Liberation Army,Thailand,,,,,,,,,
G65,Intra-state (civil) wars,La Violencia second wave of 1955-1962,Civil war - for central control: Colombia vs. Liberal Guerillas,Colombia,,,,,,,,,
G65,Intra-state (civil) wars,First Burundi War of 1972,Civil war - for central control: Burundi vs. Hutu,Burundi,,,,,,,,,
G65,Intra-state (civil) wars,Sardinian Revolt of 1821,"Civil war - for central control: Austria, Sardinia vs. Piedmont Liberals",Austria,Italy,,,,,,,,
G65,Intra-state (civil) wars,Zaili-Jinden Revolt of 1891,Civil war - for central control: China vs. Zailis and Jinden,China,,,,,,,,,
G65,Intra-state (civil) wars,Libyan Civil War of 2011,"Civil war - for central control: Libya vs. United States of America, United Kingdom, France, Canada, Italy, Spain, NLA",Libya,,,,,,,,,
G65,Intra-state (civil) wars,Permesta Rebellion of 1958-1961,Civil war - for central control: Indonesia vs. Permesta Rebels,Indonesia,,,,,,,,,
G65,Intra-state (civil) wars,First Lebanese War of 1958,"Civil war - for central control: United States of America, Lebanon vs. Syria, National Front",United States,Syria,Lebanon,,,,,,,
G65,Intra-state (civil) wars,First Somalia War of 1988-1991,Civil war - for central control: Somalia vs. SNM,Somalia,,,,,,,,,
G65,Intra-state (civil) wars,Third Peru War of 1894-1895,Civil war - for central control: Peru vs. National Coalition,Peru,,,,,,,,,
G65,Intra-state (civil) wars,Mosul Revolt of 1959,Civil war - for central control: Iraq vs. Pro-Western Factions,Iraq,,,,,,,,,
G65,Intra-state (civil) wars,Vietnam War phase 1 of 1960-1965,"Civil war - for central control: United States of America, Republic of Vietnam vs. NLF, Democratic Republic of Vietnam",United States,Vietnam,,,,,,,,
G65,Intra-state (civil) wars,First Laotian War of 1960-1968,"Civil war - for central control: United States of America, Laos vs. Democratic Republic of Vietnam, Pathet Lao",United States,Vietnam,Laos,,,,,,,
G65,Intra-state (civil) wars,Queretaro War of 1867,Civil war - for central control: Mexico vs. Liberals,Mexico,,,,,,,,,
G65,Intra-state (civil) wars,Second Sierra Leone War of 1998-2000,"Civil war - for central control: Sierra Leone vs. Ghana, Nigeria, Guinea, United Kingdom, Kabbah Faction",Sierra Leone,Ghana,Nigeria,Guinea,United Kingdom,,,,,
G65,Intra-state (civil) wars,Romanian War of 1989,Civil war - for central control: Romania vs. National Salvation Front,Romania,,,,,,,,,
G65,Intra-state (civil) wars,North Yemen War of 1962-1970,"Civil war - for central control: Egypt/United Arab Republic, Yemen Arab Republic vs. Royalists",Egypt,Yemen,,,,,,,,
G65,Intra-state (civil) wars,First Mexican War of 1832,Civil war - for central control: Mexico vs. Liberals,Mexico,,,,,,,,,
G65,Intra-state (civil) wars,Revolución de Queipa of 1898,Civil war - for central control: Venezuela vs. Hernandez-led Rebels,Venezuela,,,,,,,,,
G65,Intra-state (civil) wars,First Rwanda War of 1963-1964,Civil war - for central control: Rwanda vs. Tutsi Rebels,Rwanda,,,,,,,,,
G65,Intra-state (civil) wars,Second Congo-Brazzaville War of 1998-1999,"Civil war - for central control: Republic of the Congo, Angola vs. Ninjas and Cocoye militias",Republic of the Congo,Angola,,,,,,,,
G65,Intra-state (civil) wars,First Carlist War of 1834-1840,"Civil war - for central control: United Kingdom, France, Spain, Portugal vs. Carlists",United Kingdom,France,Spain,Portugal,,,,,,
G65,Intra-state (civil) wars,Colombian War of the Thousand Days of 1899-1902,"Civil war - for central control: Colombia vs. Venezuela, Ecuador, War Liberals",Colombia,Venezuela,Ecuador,,,,,,,
G65,Intra-state (civil) wars,Greek Civil War  round 2 of 1944-1945,Civil war - for central control: Greece vs. EAM-ELAS,Greece,,,,,,,,,
G65,Intra-state (civil) wars,Third Carlist War of 1872-1876,Civil war - for central control: Spain vs. Carlists,Spain,,,,,,,,,
G65,Intra-state (civil) wars,Kronstadt Rebellion of 1921,Civil war - for central control: Soviet Russian Republic vs. Sailors,Russia,,,,,,,,,
G65,Intra-state (civil) wars,Far Eastern Republic War of 1921-1923,Civil war - for central control: Soviet Russian Republic vs. Belopovstantsy,Russia,,,,,,,,,
G65,Intra-state (civil) wars,First Guatemala War of 1966-1968,"Civil war - for central control: United States, Guatemala vs. Leftists",United States,Guatemala,,,,,,,,
G65,Intra-state (civil) wars,Chinese Civil War phase 2 of 1945-1950,Civil war - for central control: China vs. CCP,China,,,,,,,,,
G65,Intra-state (civil) wars,Nepal Maoist Insurgency of 2001-2006,Civil war - for central control: Nepal vs. MPLA,Nepal,,,,,,,,,
G65,Intra-state (civil) wars,Liberia-LURD War of 2002-2003,Civil war - for central control: Liberia vs. LURD & MODEL,Liberia,,,,,,,,,
G65,Intra-state (civil) wars,Fourth Colombian War of 1876-1877,Civil war - for central control: Colombia vs. Conservatives,Colombia,,,,,,,,,
G65,Intra-state (civil) wars,Iranian Constitution War of 1908-1909,"Civil war - for central control: Russia, Iran vs. Constitutionalists",Russia,Iran,,,,,,,,
G65,Intra-state (civil) wars,Costa Rica War of 1948,Civil war - for central control: Costa Rica vs. Army of National Liberation,Costa Rica,,,,,,,,,
G65,Intra-state (civil) wars,First Burmese War of 1948-1950,Civil war - for central control: Burma vs. Karens and Communists,Burma,,,,,,,,,
G65,Intra-state (civil) wars,Black September War of 1970,"Civil war - for central control: Jordan vs. Syria, Palestinians",Jordan,Syria,Palestine,,,,,,,
G65,Intra-state (civil) wars,Second Guatemala War of 1970-1971,Civil war - for central control: Guatemala vs. Leftists,Guatemala,,,,,,,,,
G65,Intra-state (civil) wars,First Argentina War phase 2 of 1841-1842,Civil war - for central control: Argentina vs. Unitarios,Argentina,,,,,,,,,
G65,Intra-state (civil) wars,Haitian Civil War of 1883-1884,Civil war - for central control: Haiti vs. Liberals,Haiti,,,,,,,,,
G65,Intra-state (civil) wars,Paraguayan Radical Liberal Rebellion of 1911-1912,Civil war - for central control: Paraguay vs. Radical Liberals,Paraguay,,,,,,,,,
G65,Intra-state (civil) wars,Bolivian National Revolution of 1952,Civil war - for central control: Bolivia vs. MNR,Bolivia,,,,,,,,,
G65,Intra-state (civil) wars,Second Al-Houthi Rebellion of 2007-2008,Civil war - for central control: Yemen vs. Houthi Rebels,Yemen,,,,,,,,,
G65,Intra-state (civil) wars,Argentine Military War of 1955,Civil war - for central control: Argentina vs. Military Rebels,Argentina,,,,,,,,,
G65,Intra-state (civil) wars,Iraqi Sunni Revolt of 2010-2014,"Civil war - for central control: United States of America, Iraq vs. Sunni Rebels",United States,Iraq,,,,,,,,
G65,Intra-state (civil) wars,Ecuadorian Civil War of 1913-1916,Civil war - for central control: Ecuador vs. Conchistas,Ecuador,,,,,,,,,
G65,Intra-state (civil) wars,Holy Spirit Movement War of 1986-1987,Civil war - for central control: Uganda vs. HSMF,Uganda,,,,,,,,,
G65,Intra-state (civil) wars,Second Carlist War of 1847-1849,Civil war - for central control: Spain vs. Carlists,Spain,,,,,,,,,
G65,Intra-state (civil) wars,Fourth Mexican War of 1914-1920,"Civil war - for central control: United States, Mexico vs. Conventionists",United States,Mexico,,,,,,,,
G65,Intra-state (civil) wars,Anti-Monarchy War of 1915-1916,Civil war - for central control: China vs. NPA,China,,,,,,,,,
G65,Intra-state (civil) wars,Second French Insurrection of 1848,Civil war - for central control: France vs. Republicans,France,,,,,,,,,
G65,Intra-state (civil) wars,Negus Mikael Revolt of 1916-1917,Civil war - for central control: Ethiopia vs. Negus Mikael-led Rebels,Ethiopia,,,,,,,,,
G65,Intra-state (civil) wars,Central African Republic War of 2012-2013,"Civil war - for central control: Central African Republic, Chad vs. Seleka",Central African Republic,Chad,,,,,,,,
G65,Intra-state (civil) wars,Angolan Control War of 1976-1991,"Civil war - for central control: Cuba, Angola vs. South Africa, UNITA",Cuba,Angola,South Africa,,,,,,,
G65,Intra-state (civil) wars,Rhodesia War of 1976-1979,Civil war - for central control: Rhodesia vs. Patriotic Front,Rhodesia,Zimbabwe,,,,,,,,
G65,Intra-state (civil) wars,Finnish Civil War of 1918,"Civil war - for central control: Germany, Finland vs. USSR, Red Guard",Germany,,,,,,,,,
G65,Intra-state (civil) wars,Afghan-Taliban War of 2014-ongoing,"Civil war - for central control: United States, Afghanistan vs. Taliban",United States,Afghanistan,,,,,,,,
G65,Intra-state (civil) wars,Algerian Revolution of 1962,Civil war - for central control: Algeria vs. ALN,Algeria,,,,,,,,,
G65,Intra-state (civil) wars,Hungary's Red and White Terror of 1919-1920,Civil war - for central control: Hungary vs. Whites,Hungary,,,,,,,,,
G65,Intra-state (civil) wars,Somali-Al-Shabaab war of 2014-present,"Civil war - for central control: United States, Uganda, Djibouti, Kenya, Burundi, Somalia, Ethiopia vs. Al-Shabaab",United States,Uganda,Djibouti,Kenya,Burundi,Somalia,Ethiopia,,,
G65,Intra-state (civil) wars,Gilan Marxists Rebellion of 1920-1921,"Civil war - for central control: United Kingdom, Iran vs. USSR, SSRI",United Kingdom,Iran,USSR,,,,,,,
G65,Intra-state (civil) wars,Second Libyan Civil War of 2014-present,Civil war - for central control: Libya vs. Libyan Dawn,Libya,,,,,,,,,
G65,Intra-state (civil) wars,Saur Revolution of 1978,Civil war - for central control: Afghanistan vs. PDPA,Afghanistan,,,,,,,,,
G65,Intra-state (civil) wars,Zaire-FNLC War of 1978,"Civil war - for central control: Belgium, France, Zaire vs. FNLC",Belgium,France,Zaire,Democratic Republic of Congo,,,,,,
G65,Intra-state (civil) wars,Third Guatemala War of 1978-1983,Civil war - for central control: Guatemala vs. Leftists,Guatemala,,,,,,,,,
G65,Intra-state (civil) wars,Fifth Venezuelan War of 1901-1903,Civil war - for central control: Venezuela vs. Matos-led Rebels,Venezuela,,,,,,,,,
G65,Intra-state (civil) wars,Sandinista Rebellion of 1978-1979,Civil war - for central control: Nicaragua vs. Sandinistas,Nicaragua,,,,,,,,,
G65,Intra-state (civil) wars,Iranian Islamic Revolution of 1978-1979,Civil war - for central control: Iran vs. Anti-Shah Coalition,Iran,,,,,,,,,
G65,Intra-state (civil) wars,Anti-Khomeini Coalition War of 1979-1983,Civil war - for central control: Iran vs. Anti-Khomeini Coalition,Iran,,,,,,,,,
G65,Intra-state (civil) wars,El Salvador War of 1979-1992,Civil war - for central control: El Salvador vs. Salvadorian Democratic Front,El Salvador,,,,,,,,,
G65,Intra-state (civil) wars,Agrarian Rising of 1923,Civil war - for central control: Bulgaria vs. Agrarian League,Bulgaria,,,,,,,,,
G65,Intra-state (civil) wars,De La Huerta Rebellion of 1923-1924,Civil war - for central control: Mexico vs. Huerta Led Rebels,Mexico,,,,,,,,,
G65,Intra-state (civil) wars,Hafiziyya Uprising of 1907-1908,"Civil war - for central control: France, Morocco vs. Mulai el-Hafid-led Forces",France,Morocco,,,,,,,,
G65,Intra-state (civil) wars,Paraguay War of 1947,Civil war - for central control: Paraguay vs. Leftists,Paraguay,,,,,,,,,
G65,Intra-state (civil) wars,Second Zhili-Fengtien War  of 1924,Civil war - for central control: China vs. Fengtien Faction,China,,,,,,,,,
G65,Intra-state (civil) wars,Naxalite Rebellion of 1970-1971,Civil war - for central control: India vs. Naxalite Marxists,India,,,,,,,,,
G65,Intra-state (civil) wars,Tajikistan War of 1992-1997,"Civil war - for central control: Russia, Tajikistan vs. United Tajik Opposition",Russia,Tajikistan,,,,,,,,
G65,Intra-state (civil) wars,La Violencia first wave of 1948-1953,Civil war - for central control: Colombia vs. Liberals,Colombia,,,,,,,,,
G65,Intra-state (civil) wars,Shining Path War of 1982-1992,Civil war - for central control: Peru vs. Shining Path,Peru,,,,,,,,,
G65,Intra-state (civil) wars,First Sri Lanka-JVP War of 1971,Civil war - for central control: Sri Lanka vs. JVP,Sri,,,,,,,,,
G65,Intra-state (civil) wars,Second Liberian War of 1992-1996,"Civil war - for central control: Senegal, Guinea, Liberia, Ghana, Nigeria vs. NPFL",Senegal,Guinea,Liberia,Ghana,Nigeria,,,,,
G65,Intra-state (civil) wars,First Nationalist Revolution of 1911,Civil war - for central control: China vs. Republicans,China,,,,,,,,,
G65,Intra-state (civil) wars,Third Khmer Rouge War of 1993-1998,Civil war - for central control: Cambodia vs. Khmer Rouge,Cambodia,,,,,,,,,
G65,Intra-state (civil) wars,Second Afghan Anti-Reform War of 1928-1929,Civil war - for central control: Afghanistan vs. Anti-Reform Rebels,Afghanistan,,,,,,,,,
G65,Intra-state (civil) wars,Escobar Rebellion of 1929,Civil war - for central control: Mexico vs. Escobar-led Rebels,Mexico,,,,,,,,,
G65,Intra-state (civil) wars,South Yemen War of 1986,Civil war - for central control: Yemen People's Republic vs. Leftist Factions,Yemen,,,,,,,,,
G65,Intra-state (civil) wars,Second Rwanda War of 1994,Civil war - for central control: Rwanda vs. RPF,Rwanda,,,,,,,,,
G65,Intra-state (civil) wars,Second Sri Lanka-JVP War of 1987-1989,Civil war - for central control: Sri Lanka vs. JVP,Sri Lanka,,,,,,,,,
G65,Intra-state (civil) wars,Fourth Guatemala of 1987 to 1990,Civil war - for central control: Guatemala vs. Leftists,Guatemala,,,,,,,,,
G65,Intra-state (civil) wars,Sudan Revolutionary Front Rebellion of 2011-present,Civil war - for central control: Sudan vs. SPLM-N,Sudan,,,,,,,,,
G65,Intra-state (civil) wars,Cuban Revolution of 1958-1959,Civil war - for central control: Cuba vs. Fidelistas,Cuba,,,,,,,,,
G65,Intra-state (civil) wars,FARC/ELN War of 1988-2015,Civil war - for central control: Colombia vs. Leftist Rebels and Drug Cartels,Colombia,,,,,,,,,
G65,Intra-state (civil) wars,Fifth Lebanese War of 1989-1990,"Civil war - for central control: Lebanon vs. Syria, Lahoud Faction",Lebanon,Syria,,,,,,,,
G65,Intra-state (civil) wars,Second Afghan Civil War of 1989-1992,Civil war - for central control: Afghanistan vs. Mujahideen,Afghanistan,,,,,,,,,
G65,Intra-state (civil) wars,First Congo-Brazzaville War of 1997,"Civil war - for central control: Republic of the Congo vs. Angola, Cobra militia",Republic of the Congo,Angola,,,,,,,,
G65,Intra-state (civil) wars,Aprista Revolt of 1932,Civil war - for central control: Peru vs. Apristas,Peru,,,,,,,,,
G65,Intra-state (civil) wars,Second Khmer Rouge War of 1989-1991,Civil war - for central control: Kampuchea vs. Khmer Rouge & KPNFL,Kampuchea,,,,,,,,,
G65,Intra-state (civil) wars,Georgia War of 1991-1993,Civil war - for central control: Georgia vs. Reform Movement,Georgia,,,,,,,,,
G65,Intra-state (civil) wars,First Liberian War of 1989-1990,"Civil war - for central control: Guinea, Liberia, Ghana, Nigeria vs. NPFL and INPFL",Guinea,Liberia,Ghana,Nigeria,,,,,,
G65,Intra-state (civil) wars,Spanish Miners War of 1934,Civil war - for central control: Spain vs. Asturian Miners,Spain,,,,,,,,,
G65,Intra-state (civil) wars,Spanish Civil War of 1936-1939,"Civil war - for central control: Spain, USSR vs. Portugal, Germany, Italy, Falange",Spain,USSR,Portugal,Germany,Italy,,,,,
G65,Intra-state (civil) wars,Third Angolan War of 1998-2002,"Civil war - for central control: Angola, Namibia vs. UNITA",Angola,Namibia,,,,,,,,
G65,Intra-state (civil) wars,Iraqi Shiite Rebellion of 1991,Civil war - for central control: Iraq vs. Shiites and SAIRI,Iraq,,,,,,,,,
G65,Intra-state (civil) wars,Bolivia-Criollos War of 1870-1871,Civil war - for central control: Bolivia vs. Criollos,Bolivia,,,,,,,,,
G65,Intra-state (civil) wars,First Sierra Leone War of 1991-1996,"Civil war - for central control: Sierra Leone, Nigeria vs. RUF",Sierra Leone,Nigeria,,,,,,,,
G65,Intra-state (civil) wars,Afghanistan Post-Communist War of 1992-2001,Civil war - for central control: Afghanistan vs. Mujahideen,Afghanistan,,,,,,,,,
G65,Intra-state (civil) wars,Greek Civil War round 2 of 1944-1945,Civil war - for central control: United Kingdom vs. ,United Kingdom,Greece,,,,,,,,
G65,Intra-state (civil) wars,Second Somalia War of 1991-1997,"Civil war - for central control: United States of America, Canada, France, Italy, Nigeria, Somalia, Pakistan vs. Pro-Aideed Alliance",United States,Canada,France,Italy,Nigeria,Somalia,Pakistan,,,
G65,Intra-state (civil) wars,Guinean War of 2000-2001,Civil war - for central control: Guinea vs. RDFG,Guinea,,,,,,,,,
G65,Intra-state (civil) wars,Third Burundi War of 2001-2003,"Civil war - for central control: Burundi, Rwanda vs. FNL and FDD",Burundi,Rwanda,,,,,,,,
G65,Intra-state (civil) wars,South Sudan War of 2013 to present,"Civil war - for central control: Uganda, South Sudan vs. SPLM-IO",Uganda,South Sudan,,,,,,,,
G65,Intra-state (civil) wars,Greek Civil War round 3 of 1946-1949,"Civil war - for central control: United Kingdom, Greece vs. Communists",United Kingdom,Greece,,,,,,,,
G65,Intra-state (civil) wars,First Philippines - NPA War of 1981-1992,Civil war - for central control: Philippines vs. NPA,Philippines,,,,,,,,,
G65,Intra-state (civil) wars,Cote d'Ivoire Military War of 2002-2003,"Civil war - for central control: France, Cote d'Ivoire vs. New Forces",France,Cote d'Ivoire,,,,,,,,
G65,Intra-state (civil) wars,First Chad Rebellion of 1968-1971,"Civil war - for central control: France, Chad vs. FROLINAT",France,Chad,,,,,,,,
G65,Intra-state (civil) wars,Hama Uprising of 1982,Civil war - for central control: Syria vs. Muslim Brotherhood,Syria,,,,,,,,,
G65,Intra-state (civil) wars,Algeria's Islamic Front War of 1992-2002,Civil war - for central control: Algeria vs. Islamic Front,Algeria,,,,,,,,,
G65,Intra-state (civil) wars,Syrian Arab Spring War of 2011 to present,Civil war - for central control: Syria vs. Syrian Rebel Groups,Syria,,,,,,,,,
G65,Intra-state (civil) wars,Second Burmese War of 1958-1960,Civil war - for central control: Burma vs. Karens & Communists,Burma,,,,,,,,,
G65,Intra-state (civil) wars,Fourth Lebanese War of 1983-1984,"Civil war - for central control: United States, France, Lebanon vs. Iran, Syria, Shi'ites and Druzes",United States,France,Lebanon,Iran,Syria,,,,,
G65,Intra-state (civil) wars,Chad-United Opposition War of 2005-2008,"Civil war - for central control: France, Chad vs. United Opposition",France,Chad,,,,,,,,
G65,Intra-state (civil) wars,Angolan War of  the Cities of 1992-1994,Civil war - for central control: Angola vs. UNITA,Angola,,,,,,,,,
G65,Intra-state (civil) wars,Third Somalia War of 2006-2012,"Civil war - for central control: United States, Uganda, Kenya, Burundi, Somalia, Ethiopia vs. Eritrea, ICU",United States,Uganda,Kenya,Burundi,Somalia,Ethiopia,Eritrea,,,
G65,Intra-state (civil) wars,Chad-Togoimi Revolt of 1998-2000,Civil war - for central control: Chad vs. MDD & MDJT,Chad,,,,,,,,,
G65,Intra-state (civil) wars,Second Burundi War of 1993-1998,Civil war - for central control: Burundi vs. Tutsi,Burundi,,,,,,,,,
G65,Intra-state (civil) wars,Chilean Congressist War of 1891,Civil war - for central control: Chile vs. Congressists,Chile,,,,,,,,,
G65,Intra-state (civil) wars,Second Cote d'Ivoire War of 2011,"Civil war - for central control: Cote d'Ivoire vs. France, New Forces",Cote d'Ivoire,France,,,,,,,,
G65,Intra-state (civil) wars,Third DRC Rebellion of 1964-1965,Civil war - for central control: Democratic Republic of the Congo vs. CNL,Democratic Republic of the Congo,,,,,,,,,
G65,Intra-state (civil) wars,Syrian Arab Spring War of 2011 to present,Civil war - for central control: Iran vs. ,Iran,Syria,,,,,,,,
G65,Intra-state (civil) wars,Third Rwanda War of 1997-1998,Civil war - for central control: Rwanda vs. ALiR,Rwanda,,,,,,,,,
G65,Intra-state (civil) wars,Boko Haram in Nigeria of 2013 - ongoing,Civil war - for central control: Nigeria vs. Boko Haram,Nigeria,,,,,,,,,
G65,Intra-state (civil) wars,Boko Haram in Nigeria of 2013 - present,"Civil war - for central control: Niger, Cameroon, Chad vs. ",Niger,Cameroon,Chad,,,,,,,
G65,Intra-state (civil) wars,Zaire - AFDL War of 1996-1997,"Civil war - for central control: Zaire vs. Uganda, Burundi, Rwanda, Angola, AFDL Coalition",Zaire,Uganda,Burundi,Rwanda,Angola,,,,,
G65,Intra-state (civil) wars,Fourth Rwanda War of 2001,Civil war - for central control: Rwanda vs. ALiR,Rwanda,,,,,,,,,
G65,Intra-state (civil) wars,Guinea-Bissau Military War of 1998-1999,"Civil war - for central control: Guinea-Bissau, Senegal, Guinea vs. Mane Junta",Guinea-Bissau,Senegal,Guinea,,,,,,,
G65,Intra-state (civil) wars,Africa's World War of 1998-2002,"Civil war - for central control: Central African Republic, Chad, Democratic Republic of the Congo, Angola, Zimbabwe, Namibia, Sudan vs. Rwanda, Burundi, Uganda, RCD and MLC",Central African Republic,Chad,Democratic Republic of the Congo,Angola,Zimbabwe,Namibia,Sudan,Rwanda,Burundi,Uganda
G65,Intra-state (civil) wars,Third Al-Houthi Rebellion of 2014-2015,Civil war - for central control: Yemen vs. Ansar Allah,Yemen,,,,,,,,,
G65,Intra-state (civil) wars,First Al-Houthi Rebellion of 2004-2005,Civil war - for central control: Yemen vs. Houthi Rebels,Yemen,,,,,,,,,
G65,Intra-state (civil) wars,Dominican Republic War of 1965,"Civil war - for central control: United States of America, Dominican Republic vs. Constitutionalists",United States,Dominican Republic,,,,,,,,
G65,Intra-state (civil) wars,Third Burmese War of 1965-1993,"Civil war - for central control: Burma vs. China, Karens & Communists",Burma,China,,,,,,,,
G65,Intra-state (civil) wars,First Khmer Rouge War of 1971-1975,"Civil war - for central control: United States of America, Cambodia, Republic of Vietnam vs. Democratic Republic of Vietnam, Khmer Rouge",United States,Vietnam,Cambodia,,,,,,,
G65,Intra-state (civil) wars,Argentine Leftists War of 1975-1976,Civil war - for central control: Argentina vs. Monteneros and ERP,Argentina,,,,,,,,,
G65,Intra-state (civil) wars,Second Philippine - NPA War of 2005-2006,Civil war - for central control: Philippines vs. NPA,Philippines,,,,,,,,,
G65,Intra-state (civil) wars,First Yemeni Imamate  Rebellion of 1890-1892,Civil war - over local issues: Ottoman Empire vs. Yemen,Ottoman,Yemen,,,,,,,,
G65,Intra-state (civil) wars,Ali Pasha Rebellion of 1820-1822,Civil war - over local issues: Ottoman Empire vs. Ali Pasha Loyalists,Ottoman,,,,,,,,,
G65,Intra-state (civil) wars,Liangshan Rebellion of 1955-1957,Civil war - over local issues: China vs. Liangshan Rebels,China,,,,,,,,,
G65,Intra-state (civil) wars,First Caucasus War of 1818-1822,Civil war - over local issues: Russia vs. Caucasus Rebels,Russia,,,,,,,,,
G65,Intra-state (civil) wars,Naga Insurgency phase 1 of 1956-1957,Civil war - over local issues: India vs. Naga Home Guard,India,,,,,,,,,
G65,Intra-state (civil) wars,Contestado Rebellion of 1914-1915,Civil war - over local issues: Brazil vs. Fanaticos,Brazil,,,,,,,,,
G65,Intra-state (civil) wars,First Chechnya War of 1994-1996,Civil war - over local issues: Russia vs. Chechnya,Russia,,,,,,,,,
G65,Intra-state (civil) wars,Greek Independence War of 1821-1828,"Civil war - over local issues: Ottoman Empire vs. United Kingdom, France, Russia, Greeks",Ottoman,United Kingdom,France,Russia,Greece,,,,,
G65,Intra-state (civil) wars,Seventh Iraqi Kurds War of 1996,Civil war - over local issues: Iraq vs. PUK and INC,Iraq,,,,,,,,,
G65,Intra-state (civil) wars,First Murid War of 1830-1832,Civil war - over local issues: Russia vs. Murids,Russia,,,,,,,,,
G65,Intra-state (civil) wars,First Albanian Revolt of 1830-1832,Civil war - over local issues: Ottoman Empire vs. Albanians and Bosnians,Ottoman,Albania,Bosnia,,,,,,,
G65,Intra-state (civil) wars,First Gansu Muslim War of 1895-1896,Civil war - over local issues: China vs. Gansu Muslims,China,,,,,,,,,
G65,Intra-state (civil) wars,Belgian Independence War of 1830,Civil war - over local issues: Netherlands vs. Belgium,Netherlands,Belgium,,,,,,,,
G65,Intra-state (civil) wars,Armenian Hunchak Uprising of 1895-1896,Civil war - over local issues: Ottoman Empire vs. Hunchaks,Ottoman,,,,,,,,,
G65,Intra-state (civil) wars,First Polish War of 1831,Civil war - over local issues: Russia vs. Poland,Russia,Poland,,,,,,,,
G65,Intra-state (civil) wars,First Syrian War of 1831-1832,Civil war - over local issues: Ottoman Empire vs. Egypt,Ottoman,Egypt,,,,,,,,
G65,Intra-state (civil) wars,Canudos Revolt of 1896-1897,Civil war - over local issues: Brazil vs. Conselhistas,Brazil,,,,,,,,,
G65,Intra-state (civil) wars,First South Sudan War of 1963-1972,"Civil war - over local issues: Sudan, Egypt vs. Anya Nya",Sudan,Egypt,,,,,,,,
G65,Intra-state (civil) wars,Second Yemeni Imamate Rebellion of 1898-1899,Civil war - over local issues: Ottoman Empire vs. Muhammad al-Mansur Loyalists,Ottoman,,,,,,,,,
G65,Intra-state (civil) wars,Second DRC War of 1964-1965,Civil war - over local issues: Democratic Republic of the Congo vs. Jeunesse,Democratic,,,,,,,,,
G65,Intra-state (civil) wars,Greater Chechnya Revolt of 1825-1826,Civil war - over local issues: Russia vs. Chechnya,Russia,,,,,,,,,
G65,Intra-state (civil) wars,Second Murid War of 1834,Civil war - over local issues: Russia vs. Murids,Russia,,,,,,,,,
G65,Intra-state (civil) wars,Cabanos Revolt of 1835-1837,Civil war - over local issues: Brazil vs. Cabanos,Brazil,,,,,,,,,
G65,Intra-state (civil) wars,Second Chechen War of 1999-2003,Civil war - over local issues: Russia vs. Chechen Rebels,Russia,,,,,,,,,
G65,Intra-state (civil) wars,Farroupilha War of 1835-1845,Civil war - over local issues: Brazil vs. Farrapos,Brazil,,,,,,,,,
G65,Intra-state (civil) wars,Texan War of 1835-1836,Civil war - over local issues: Mexico vs. Texas,Mexico,United States,,,,,,,,
G65,Intra-state (civil) wars,First Bosnian War of 1836,Civil war - over local issues: Ottoman Empire vs. Bosnians,Ottoman,Bosnia,,,,,,,,
G65,Intra-state (civil) wars,Third Murid War of 1836-1852,Civil war - over local issues: Russia vs. Murids,Russia,,,,,,,,,
G65,Intra-state (civil) wars,Sabinada Rebellion of 1837-1838,Civil war - over local issues: Brazil vs. Bahia Sabinada,Brazil,,,,,,,,,
G65,Intra-state (civil) wars,Biafra War of 1967-1970,Civil war - over local issues: Nigeria vs. Biafra,Nigeria,,,,,,,,,
G65,Intra-state (civil) wars,Cultural Revolution phase 2 of 1967-1968,Civil war - over local issues: China vs. Red Guards,China,,,,,,,,,
G65,Intra-state (civil) wars,Balaiada Revolt of 1838-1841,Civil war - over local issues: Brazil vs. Balaida Rebels,Brazil,,,,,,,,,
G65,Intra-state (civil) wars,Second Syrian War of 1839,Civil war - over local issues: Ottoman Empire vs. Egypt,Ottoman,Egypt,,,,,,,,
G65,Intra-state (civil) wars,First Waziristan War of 2004-2006,"Civil war - over local issues: United States, Pakistan vs. Waziri tribes",United States,Pakistan,,,,,,,,
G65,Intra-state (civil) wars,Miao Rebellion phase 2 of 1860-1872,Civil war - over local issues: China vs. Miao,China,,,,,,,,,
G65,Intra-state (civil) wars,Third Syrian War of 1840-1841,"Civil war - over local issues: United Kingdom, Ottoman Empire vs. Egypt",United Kingdom,Ottoman,Egypt,,,,,,,
G65,Intra-state (civil) wars,Hawran Druze Rebellion of 1910,Civil war - over local issues: Ottoman Empire vs. Druzes,Ottoman,,,,,,,,,
G65,Intra-state (civil) wars,Nish Uprising of 1841,Civil war - over local issues: Ottoman Empire vs. Nish,Ottoman,,,,,,,,,
G65,Intra-state (civil) wars,Second Bosnian War of 1841,Civil war - over local issues: Ottoman Empire vs. Bosnians,Ottoman,Bosnia,,,,,,,,
G65,Intra-state (civil) wars,First Philippine - Moro War of 1972-1981,Civil war - over local issues: Philippines vs. MNLF Moros,Philippines,,,,,,,,,
G65,Intra-state (civil) wars,Ethiopian Northern Resistance of 1928-1930,Civil war - over local issues: Ethiopia vs. Northern Resistance,Ethiopia,,,,,,,,,
G65,Intra-state (civil) wars,Karbala Revolt of 1842-1843,Civil war - over local issues: Ottoman Empire vs. Karbala Gangs,Ottoman,,,,,,,,,
G65,Intra-state (civil) wars,Second Nationalist Revolution of 1913,Civil war - over local issues: China vs. Republicans,China,,,,,,,,,
G65,Intra-state (civil) wars,Baluchi Separatists War of 1973-1977,Civil war - over local issues: Pakistan vs. Baluchi Rebels,Pakistan,,,,,,,,,
G65,Intra-state (civil) wars,China Pai Ling (White Wolf) War of 1914,Civil war - over local issues: China vs. Pai-Lings,China,,,,,,,,,
G65,Intra-state (civil) wars,Sahil Revolt of 1864-1865,Civil war - over local issues: Tunisia vs. Ghadam-led Rebels,Tunisia,,,,,,,,,
G65,Intra-state (civil) wars,Fourth Iraqi  Kurds War of 1974-1975,"Civil war - over local issues: Iraq vs. Iran, KDP-Barzani",Iraq,Iran,,,,,,,,
G65,Intra-state (civil) wars,Eritrean War of 1975-1979,"Civil war - over local issues: Cuba, Ethiopia vs. EPLF and ELF",Cuba,Ethiopia,,,,,,,,
G65,Intra-state (civil) wars,Russian Turkestan Revolt of 1916-1917,Civil war - over local issues: Russia vs. Kirghiz & Kazaks,Russia,,,,,,,,,
G65,Intra-state (civil) wars,North Mali War of 2012-2013,"Civil war - over local issues: France, Mali, Nigeria, Chad vs. Northern Opposition",France,Mali,Nigeria,Chad,,,,,,
G65,Intra-state (civil) wars,Milan Five Day Revolt of 1848,Civil war - over local issues: Austria vs. Milan Liberals,Austria,,,,,,,,,
G65,Intra-state (civil) wars,Mayan Caste War phase 2 of 1848-1855,Civil war - over local issues: Mexico vs. Mayans,Mexico,,,,,,,,,
G65,Intra-state (civil) wars,Hungarian War of 1848-1849,"Civil war - over local issues: Austria, Russia vs. Hungary",Austria,Russia,Hungary,,,,,,,
G65,Intra-state (civil) wars,Third Bosnian War of 1850-1851,Civil war - over local issues: Ottoman Empire vs. Bosnian and Montenegrin Beys,Ottoman,,,,,,,,,
G65,Intra-state (civil) wars,Aleppo Revolt of 1850,Civil war - over local issues: Ottoman Empire vs. Aleppo,Ottoman,,,,,,,,,
G65,Intra-state (civil) wars,East Timorese War phase 3 of 1976-1979,Civil war - over local issues: Indonesia vs. FRETILIN,Indonesia,,,,,,,,,
G65,Intra-state (civil) wars,Druze Rebellion of 1852,Civil war - over local issues: Ottoman Empire vs. Druze Alliance,Ottoman,,,,,,,,,
G65,Intra-state (civil) wars,First Turco-Montenegrin War of 1852-1853,Civil war - over local issues: Ottoman Empire vs. Montenegro and Hercegovina,Ottoman,Montenegro,Herzegovina,,,,,,,
G65,Intra-state (civil) wars,Donbas War of 2014-present,"Civil war - over local issues: Ukraine vs. Russia, Separatists",Ukraine,Russia,,,,,,,,
G65,Intra-state (civil) wars,Epirus Revolt of 1854,Civil war - over local issues: Ottoman Empire vs. Greek Nationalists,Ottoman,,,,,,,,,
G65,Intra-state (civil) wars,Greek Nationalists of Macedonia War of 1854,Civil war - over local issues: Ottoman Empire vs. Greek Nationalists in Macedonia,Ottoman,,,,,,,,,
G65,Intra-state (civil) wars,Green Rebellion of 1920-1921,Civil war - over local issues: Soviet Russian Republic vs. Tambov Peasants,Soviet,,,,,,,,,
G65,Intra-state (civil) wars,Bashmachi in Turketsan Revolt of 1920-1924,Civil war - over local issues: Soviet Russian Republic vs. Basmachi,Soviet,,,,,,,,,
G65,Intra-state (civil) wars,Libyan Insurrection of 1855-1856,Civil war - over local issues: Ottoman Empire vs. Libyan Rebels,Ottoman,,,,,,,,,
G65,Intra-state (civil) wars,Simko Rebellion of 1921-1922,Civil war - over local issues: Iran vs. Shikak Kurds,Iran,,,,,,,,,
G65,Intra-state (civil) wars,Second Entre Rios War of 1873,Civil war - over local issues: Argentina vs. Entre Rios,Argentina,,,,,,,,,
G65,Intra-state (civil) wars,Catonalist Uprising of 1873-1874,Civil war - over local issues: Spain vs. Cantons,Spain,,,,,,,,,
G65,Intra-state (civil) wars,Second Turco-Montenegrin War of 1858,Civil war - over local issues: Ottoman Empire vs. Montenegro,Ottoman,Montenegro,,,,,,,,
G65,Intra-state (civil) wars,Chad - FAN War of 1980-1984,"Civil war - over local issues: Chad, Libya vs. France, Zaire, FAN",Chad,Libya,France,Democratic Republic of Congo,,,,,,
G65,Intra-state (civil) wars,Nigeria - Muslim War of 1980-1981,Civil war - over local issues: Nigeria vs. Al Masifu Sect,Nigeria,,,,,,,,,
G65,Intra-state (civil) wars,Defeat of Xinjiang Muslims of 1876-1878,Civil war - over local issues: China vs. Xinjiang Muslims,China,,,,,,,,,
G65,Intra-state (civil) wars,Kashmir Insurgency of 1992-2005,Civil war - over local issues: India vs. Kashmiri Guerillas,India,,,,,,,,,
G65,Intra-state (civil) wars,Tigrean & Eritrean War of 1982-1991,Civil war - over local issues: Ethiopia vs. TPLF & EPLF,Ethiopia,,,,,,,,,
G65,Intra-state (civil) wars,Second Nien Revolt  of 1860-1868,Civil war - over local issues: China vs. Nien Society,China,,,,,,,,,
G65,Intra-state (civil) wars,Argentine Indians War of 1878-1879,Civil war - over local issues: Argentina vs. Indians,Argentina,,,,,,,,,
G65,Intra-state (civil) wars,Panthay Rebellion phase 2 of 1860-1874,Civil war - over local issues: China vs. Hui Rebels,China,,,,,,,,,
G65,Intra-state (civil) wars,U.S. Civil War of 1861-1865,Civil war - over local issues: United States of America vs. Confederate States of America,United States,,,,,,,,,
G65,Intra-state (civil) wars,Mahdist Rebellion  phase 1 of 1881-1882,Civil war - over local issues: Egypt vs. Mahdists,Egypt,,,,,,,,,
G65,Intra-state (civil) wars,Third Turco-Montenegrin War of 1861-1862,Civil war - over local issues: Ottoman Empire vs. Montenegro and Hercegovina,Ottoman,Montenegro,Herzegovina,,,,,,,
G65,Intra-state (civil) wars,Tungan Rebellion of 1862-1873,Civil war - over local issues: China vs. Shaanxi and Gansu Muslims,China,,,,,,,,,
G65,Intra-state (civil) wars,Peru's National Problem of 1885,Civil war - over local issues: Peru vs. Huarez Indians,Peru,,,,,,,,,
G65,Intra-state (civil) wars,First Turkish Kurds War of 1984-1986,Civil war - over local issues: Turkey vs. PKK,Turkey,,,,,,,,,
G65,Intra-state (civil) wars,Second Polish War of 1863-1864,Civil war - over local issues: Russia vs. Polish nationalists,Russia,,,,,,,,,
G65,Intra-state (civil) wars,South Yemeni Secessionist Revolt of 1994,Civil war - over local issues: Yemen vs. South Yemen,Yemen,,,,,,,,,
G65,Intra-state (civil) wars,Bandit War of 1863,Civil war - over local issues: Italy vs. Sicilian Bandits,Italy,,,,,,,,,
G65,Intra-state (civil) wars,Second Sri Lanka Tamil War of 1990-2001,Civil war - over local issues: Sri Lanka vs. LTTE,Sri,,,,,,,,,
G65,Intra-state (civil) wars,Xinjiang Muslim Revolt of 1864-1866,Civil war - over local issues: China vs. Xinjiang Muslims,China,,,,,,,,,
G65,Intra-state (civil) wars,Campaign Against Ibrahim Beg of 1930-1931,Civil war - over local issues: Afghanistan vs. Army of Islam,Afghanistan,,,,,,,,,
G65,Intra-state (civil) wars,Tonghak Rebellion phase 1 of 1894,"Civil war - over local issues: China, Korea vs. Tonghak Society",China,,,,,,,,,
G65,Intra-state (civil) wars,First Cretan War of 1866-1868,Civil war - over local issues: Ottoman Empire vs. Cretans,Ottoman,,,,,,,,,
G65,Intra-state (civil) wars,Yellow Cliff Revolt of 1866,Civil war - over local issues: China vs. Zhang Jizhong-led Rebels,China,,,,,,,,,
G65,Intra-state (civil) wars,Second Laotian War of 1976-1979,"Civil war - over local issues: Laos, Vietnam vs. Chao Fa Rebels",Laos,Vietnam,,,,,,,,
G65,Intra-state (civil) wars,Mongolian Armed Uprising of 1932,"Civil war - over local issues: USSR, Mongolia vs. Buddhist Rebels",USSR,Mongolia,,,,,,,,
G65,Intra-state (civil) wars,Punjab Rebellion of 1989-1993,Civil war - over local issues: India vs. Sikh Guerillas,India,,,,,,,,,
G65,Intra-state (civil) wars,First Iraqi Kurds War of 1961-1963,"Civil war - over local issues: Iraq, Syria vs. Kurds",Iraq,Syria,,,,,,,,
G65,Intra-state (civil) wars,Second Cretan War of 1896-1897,Civil war - over local issues: Ottoman Empire vs. Cretans,Ottoman,,,,,,,,,
G65,Intra-state (civil) wars,Kosovo Independence War of 1998-1999,Civil war - over local issues: Yugoslavia vs. Kosovo,Yugoslavia,Kosovo,,,,,,,,
G65,Intra-state (civil) wars,First Aceh War of 1990-1991,Civil war - over local issues: Indonesia vs. GAM,Indonesia,,,,,,,,,
G65,Intra-state (civil) wars,Taiwan Revolt of 1947,Civil war - over local issues: China vs. Taiwanese,China,Taiwan,,,,,,,,
G65,Intra-state (civil) wars,Dersim Revolt of 1937-1938,Civil war - over local issues: Turkey vs. Dersim Kurds,Turkey,,,,,,,,,
G65,Intra-state (civil) wars,First Entre Rios War of 1870-1871,Civil war - over local issues: Argentina vs. Entre Rios,Argentina,,,,,,,,,
G65,Intra-state (civil) wars,Weyane Rebellion of 1943,Civil war - over local issues: Ethiopia vs. Weyane Rebels,Ethiopia,,,,,,,,,
G65,Intra-state (civil) wars,Ili Uprising of 1944-1945,Civil war - over local issues: China vs. East Turkestan Republic,China,,,,,,,,,
G65,Intra-state (civil) wars,Croatian Independence War of 1991-1992,Civil war - over local issues: Yugoslavia vs. Croatia,Yugoslavia,Croatia,,,,,,,,
G65,Intra-state (civil) wars,Turkey-PKK War of 1991-1999,Civil war - over local issues: Turkey vs. Kurds,Turkey,,,,,,,,,
G65,Intra-state (civil) wars,Third Yemeni Imamate Rebellion of 1902-1906,Civil war - over local issues: Ottoman Empire vs. Zaidi Imamate,Ottoman,,,,,,,,,
G65,Intra-state (civil) wars,Ilinden War of 1902-1903,Civil war - over local issues: Ottoman Empire vs. IMRO,Ottoman,,,,,,,,,
G65,Intra-state (civil) wars,Forest Brethren War of 1945-1949,Civil war - over local issues: USSR vs. Baltic Partisans,USSR,,,,,,,,,
G65,Intra-state (civil) wars,Bosnia and Bulgaria Revolt of 1875-1876,Civil war - over local issues: Ottoman Empire vs. Bosnia-Herzegovina and Bulgaria,Ottoman,Bosnia-Herzegovina,Bulgaria,,,,,,,
G65,Intra-state (civil) wars,Nagorno-Karabakh War of 1991-1993,"Civil war - over local issues: Azerbaijan vs. Armenia, Nagorno-Karabakh",Azerbaijan,Armenia,,,,,,,,
G65,Intra-state (civil) wars,Fifth Iraqi  Kurds War of 1985-1988,"Civil war - over local issues: Iraq vs. Iran, Kurds",Iraq,Iran,,,,,,,,
G65,Intra-state (civil) wars,Tibetan Khamba Rebellion of 1956-1959,Civil war - over local issues: China vs. Khamba Tibetans,China,,,,,,,,,
G65,Intra-state (civil) wars,Third Philippine-Moro War of 2003,Civil war - over local issues: Philippines vs. MILF & ASG,Philippines,,,,,,,,,
G65,Intra-state (civil) wars,Asir-Yemen Revolt of 1909-1911,Civil war - over local issues: Ottoman Empire vs. Asir and Yemen Rebels,Ottoman,,,,,,,,,
G65,Intra-state (civil) wars,Shaikh Said's Rebellion of 1925,Civil war - over local issues: Turkey vs. Zaza Kurds,Turkey,,,,,,,,,
G65,Intra-state (civil) wars,Bosnian-Serb Rebellion of 1992-1995,"Civil war - over local issues: United States, Croatia, Bosnia vs. Croatia, Bosnian Serbs",United States,Croatia,Bosnia,Croatia,,,,,,
G65,Intra-state (civil) wars,Fourth Buenos Aires War of 1880,Civil war - over local issues: Argentina vs. Buenos Aires,Argentina,,,,,,,,,
G65,Intra-state (civil) wars,Pakistan - Bengal War of 1971,"Civil war - over local issues: Pakistan vs. India, Bengalis",Pakistan,India,,,,,,,,
G65,Intra-state (civil) wars,South Moluccas War of 1950,Civil war - over local issues: Indonesia vs. Republik Maluku Selan,Indonesia,,,,,,,,,
G65,Intra-state (civil) wars,Third Sri Lanka Tamil War of 2006-2009,Civil war - over local issues: Sri Lanka vs. LTTE,Sri,,,,,,,,,
G65,Intra-state (civil) wars,Second Gansu Muslim Revolt of 1928-1929,Civil war - over local issues: China vs. Gansu Muslims,China,,,,,,,,,
G65,Intra-state (civil) wars,Indian Golden Temple War of 1984,Civil war - over local issues: India vs. Sikh Rebels,India,,,,,,,,,
G65,Intra-state (civil) wars,Cuban Black Uprising of 1912,Civil war - over local issues: Cuba vs. Partido Independiente de Color,Cuba,,,,,,,,,
G65,Intra-state (civil) wars,First West Papua War of 1967-1968,Civil war - over local issues: Indonesia vs. OPM,Indonesia,,,,,,,,,
G65,Intra-state (civil) wars,First Ogaden War of 1963-1964,"Civil war - over local issues: Ethiopia vs. Somalia, OLF",Ethiopia,Somalia,,,,,,,,
G65,Intra-state (civil) wars,Second West Papua War of 1977-1978,Civil war - over local issues: Indonesia vs. OPM,Indonesia,,,,,,,,,
G65,Intra-state (civil) wars,Dhofar Rebellion phase 2 of 1973-1975,"Civil war - over local issues: United Kingdom, Iran, Oman vs. PFLOAG",United Kingdom,Iran,Oman,,,,,,,
G65,Intra-state (civil) wars,Second Ogaden War phase 3 of 1978-1980,"Civil war - over local issues: Cuba, Ethiopia vs. Somalia, Ogaden Independence Movement",Cuba,Ethiopia,Somalia,,,,,,,
G65,Intra-state (civil) wars,Second Yaqui War of 1899-1900,Civil war - over local issues: Mexico vs. Yaqui,Mexico,,,,,,,,,
G65,Intra-state (civil) wars,Kachin Rebellion of 2011-2013,Civil war - over local issues: Myanmar vs. KIA,Myanmar,,,,,,,,,
G65,Intra-state (civil) wars,Xinjiang Revolt of 1932-1933,Civil war - over local issues: China vs. Xinjiang,China,,,,,,,,,
G65,Intra-state (civil) wars,Xinjiang Revolt of 1932-1934,Civil war - over local issues:  vs. USSR,USSR,,,,,,,,,
G65,Intra-state (civil) wars,Southern China Revolt of 1917-1918,Civil war - over local issues: China vs. CPA,China,,,,,,,,,
G65,Intra-state (civil) wars,Druze Rebellion of 1895-1896,Civil war - over local issues: Ottoman Empire vs. Druzes,Ottoman,,,,,,,,,
G65,Intra-state (civil) wars,Second Ogaden War phase 1 of 1976-1977,"Civil war - over local issues: Ethiopia vs. Somalia, WSLF",Ethiopia,Somalia,,,,,,,,
G65,Intra-state (civil) wars,Saudi Revolt of 1904,Civil war - over local issues: Ottoman Empire vs. Ibn Saud-led Rebels,Ottoman,,,,,,,,,
G65,Intra-state (civil) wars,Ararat Revolt of  1930,Civil war - over local issues: Turkey vs. Kurds,Turkey,,,,,,,,,
G65,Intra-state (civil) wars,Second Waziristan War of 2007-present,"Civil war - over local issues: United States, Pakistan vs. Taliban",United States,Pakistan,,,,,,,,
G65,Intra-state (civil) wars,Second Aceh War of 1999-2004,Civil war - over local issues: Indonesia vs. GAM,Indonesia,,,,,,,,,
G65,Intra-state (civil) wars,Dniestrian Independence War of 1991-1992,"Civil war - over local issues: Moldova vs. USSR, Dniestria",Moldova,USSR,,,,,,,,
G65,Intra-state (civil) wars,Second Iraqi Kurds War of 1965-1966,Civil war - over local issues: Iraq vs. KDP Factions,Iraq,,,,,,,,,
G65,Intra-state (civil) wars,Third Iraqi Kurds War of 1968-1970,Civil war - over local issues: Iraq vs. KDP-Barzani,Iraq,,,,,,,,,
G65,Intra-state (civil) wars,Polish Ukrainians War of 1945-1947,"Civil war - over local issues: Poland, USSR vs. UPA",Poland,USSR,,,,,,,,
G65,Intra-state (civil) wars,Quintana Roo War of 1899-1901,Civil war - over local issues: Mexico vs. Mayan Cruzob,Mexico,,,,,,,,,
G65,Intra-state (civil) wars,First Sri Lanka Tamil War of 1983-1987,Civil war - over local issues: Sri Lanka vs. Tamil Rebels,Sri,,,,,,,,,
G65,Intra-state (civil) wars,Oromo Liberation War of 1999,Civil war - over local issues: Ethiopia vs. OLF,Ethiopia,,,,,,,,,
G65,Intra-state (civil) wars,Bougainville Secessionist War of 1990-1991,Civil war - over local issues: Papua New Guinea vs. BRA,Papua,,,,,,,,,
G65,Intra-state (civil) wars,Ukrainian Partisans War of 1945-1947,Civil war - over local issues: USSR vs. UPA,USSR,,,,,,,,,
G65,Intra-state (civil) wars,Second Albanian Revolt of 1910-1912,Civil war - over local issues: Ottoman Empire vs. Albanians,Ottoman,,,,,,,,,
G65,Intra-state (civil) wars,First DRC War of 1960-1963,"Civil war - over local issues: Democratic Republic of the Congo vs. Belgium, Anti-Lumumba Coalition",Democratic Republic of the Congo,Belgium,,,,,,,,
G65,Intra-state (civil) wars,Huk Rebellion of 1950-1954,Civil war - over local issues: Philippines vs. Huks,Philippines,,,,,,,,,
G65,Intra-state (civil) wars,Darfur Rebellion of 2003-2006,Civil war - over local issues: Sudan vs. SLA & JEM,Sudan,,,,,,,,,
G65,Intra-state (civil) wars,Second Philippine-Moro War of 2000-2001,Civil war - over local issues: Philippines vs. MILF & ASG,Philippines,,,,,,,,,
G65,Intra-state (civil) wars,Croatia-Krajina War of 1995,Civil war - over local issues: Croatia vs. Krajinia Serbs,Croatia,,,,,,,,,
G65,Intra-state (civil) wars,First Uganda War of 1966,Civil war - over local issues: Uganda vs. Buganda,Uganda,,,,,,,,,
G65,Intra-state (civil) wars,Abkhazia Revolt of 1992-1994,"Civil war - over local issues: Georgia vs. USSR, Abkhazia",Georgia,USSR,Abkhazia,,,,,,,
G65,Intra-state (civil) wars,Dagestan Rebellion of 1920-1921,Civil war - over local issues: Soviet Russian Republic vs. Sharia Army,Russia,,,,,,,,,
G65,Intra-state (civil) wars,Sixth Iraqi Kurds War of 1991,Civil war - over local issues: Iraq vs. Kurds,Iraq,,,,,,,,,
G65,Intra-state (civil) wars,Lebanon Insurgency of 1840,Regional internal: Egypt vs. Lebanese Maronites and Druze,Egypt vs. Lebanese Maronites,,,,,,,,,
G65,Intra-state (civil) wars,Minnesota-Sioux- War of 1862,Regional internal: Minnesota vs. Santee Sioux,Minnesota vs. Santee Sioux,,,,,,,,,
G65,Intra-state (civil) wars,Second Yunnan-Sichuan War of 1920,Regional internal: Sichuan vs. Yunnan-Guizhou Forces,Sichuan vs. Yunnan-Guizhou,,,,,,,,,
G65,Intra-state (civil) wars,Egypt-Mehdi War of 1824,Regional internal: Egypt vs. Mehdi Army,Egypt vs. Mehdi Army,,,,,,,,,
G65,Intra-state (civil) wars,Western Ukrainian War of 1918-1919,"Regional internal: Western Ukraine vs. Ukranian Poles, Poland",Ukraine,Poland,,,,,,,,
G65,Intra-state (civil) wars,Kumul Rebellion of 1931-1932,Regional internal: Xinjiang vs. Kumuliks and Allies,China,,,,,,,,,
G65,Intra-state (civil) wars,Mayan Caste War phase 1 of 1847-1848,Regional internal: Yucatan vs. Mayans,Mexico,,,,,,,,,
G65,Intra-state (civil) wars,Egyptian Taka Expedition of 1831,Regional internal: Egypt vs. Hadendowa Tribe,Egypt,,,,,,,,,
G65,Intra-state (civil) wars,Cultural Revolution phase 1 of 1967,Regional internal: Regional Militaries vs. Red Guards,China,,,,,,,,,
G65,Intra-state (civil) wars,Druze Rebellion of 1837-1838,Regional internal: Egypt vs. Druzes,Egypt,,,,,,,,,
G65,Intra-state (civil) wars,Sidon-Damascus War of 1821-1822,Regional internal: Damascus and Aleppo vs. Sidon,Syria,,,,,,,,,
G65,Intra-state (civil) wars,Palestinian Anti-Conscription Revolt of 1834,Regional internal: Egypt vs. Palestinians and Bedouins,Egypt,,,,,,,,,
G65,Intra-state (civil) wars,First Yunnan-Sichuan War of 1917,Regional internal: Sichuan vs. Yunnan and Guizhou,China,,,,,,,,,
G65,Intra-state (civil) wars,Masisi War of 1993,Intercommunal: Banyarwanda Militia vs. Bangilima Militia,,,,,,,,,,
G65,Intra-state (civil) wars,Italian Fascist War of 1920-1922,Intercommunal: Blackshirts vs. Leftists,,,,,,,,,,
G65,Intra-state (civil) wars,Anti-Fengtien War of 1925-1926,Intercommunal: Guominjun vs. Fengtien Army,,,,,,,,,,
G65,Intra-state (civil) wars,Maluku War of 1999-2002,Intercommunal: Laskar Jihad vs. Christian militia,,,,,,,,,,
G65,Intra-state (civil) wars,Labrang War of 1925-1926,Intercommunal: Golok Tibetans vs. Gansu Muslims,,,,,,,,,,
G65,Intra-state (civil) wars,SPLM/A Division (Dinka-Nuer) War of 1991-1992,Intercommunal: SPLA-Garang vs. SPLA-Nasir and Anya Nya II,,,,,,,,,,
G65,Intra-state (civil) wars,First Kashgarian - Tungan War of 1870,Intercommunal: Kashgarians vs. Urumchi Tungans,,,,,,,,,,
G65,Intra-state (civil) wars,Sparticist Rising of 1919,Intercommunal: Freikorps vs. Socialists,,,,,,,,,,
G65,Intra-state (civil) wars,Eritrean Split of 1972-1974,Intercommunal: ELF vs. EPLF,,,,,,,,,,
G65,Intra-state (civil) wars,Second Maronite-Druze War of 1845,Intercommunal: Maronites vs. Druzes,,,,,,,,,,
G65,Intra-state (civil) wars,Jukun - Tiv War of 1991-1992,Intercommunal: Jukun vs. Tiv,,,,,,,,,,
G65,Intra-state (civil) wars,First Somaliland War of 1992,Intercommunal: Tur Loyalists vs. Other Clan Militias,,,,,,,,,,
G65,Intra-state (civil) wars,Second Somaliland War of 1994 to 1995,Intercommunal: Somaliland vs. Garhaji Militias,,,,,,,,,,
G65,Intra-state (civil) wars,Inkatha-ANC War of 1987-1994,Intercommunal: Inkatha vs. ANC,,,,,,,,,,
G65,Intra-state (civil) wars,Second Nigeria Christian - Muslim War of 2004,Intercommunal: Christian Tarok vs. Muslim Fulani,,,,,,,,,,
G65,Intra-state (civil) wars,Second Kashgarian - Tungan War of 1871-1872,Intercommunal: Kashgarians vs. Urumchi Tungans,,,,,,,,,,
G65,Intra-state (civil) wars,Second Lebanese War of 1975-1976,"Intercommunal: Maronite militias, Syria vs. Lebanese National Movement",,,,,,,,,,
G65,Intra-state (civil) wars,First KMT-CCP War of 1927,Intercommunal: GMD vs. CCP,,,,,,,,,,
G65,Intra-state (civil) wars,Kashgar-Khotan War of 1867,Intercommunal: Kashgar vs. Khotanese,,,,,,,,,,
G65,Intra-state (civil) wars,Second Iraqi Kurds Internecine War of 1997,Intercommunal: PUK vs. KDP,,,,,,,,,,
G65,Intra-state (civil) wars,First Maronite-Druze War of 1841,Intercommunal: Maronites vs. Druzes,,,,,,,,,,
G65,Intra-state (civil) wars,Xinjiang Hui-Uyghur War of 1933-1934,Intercommunal: Hui vs. Uyghur and Kirghiz,,,,,,,,,,
G65,Intra-state (civil) wars,ISIS-al Nusra Front War of 2014,Intercommunal: Islamic State vs. Jabhat al-Nusra,,,,,,,,,,
G65,Intra-state (civil) wars,Third Maronite-Druze War of 1860,Intercommunal: Maronites vs. Druzes,,,,,,,,,,
G65,Intra-state (civil) wars,First Iraqi Kurds Internecine War of 1994-1995,Intercommunal: PUK vs. KDP and IMK,,,,,,,,,,
G65,Intra-state (civil) wars,Third Lebanese War of 1978,"Intercommunal: Lebanese Forces, Israel vs. Syria, PLO & Shiite militia",,,,,,,,,,
G65,Intra-state (civil) wars,Zhili-Anfu War of 1920,Intercommunal: An-Fu Faction vs. Zhili and Fengtien Factions,,,,,,,,,,
G65,Intra-state (civil) wars,Rada'a War of 2014-present,Intercommunal: Houthi Rebels vs. AQAP,,,,,,,,,,
